-- MySQL dump 10.13  Distrib 8.0.29, for Linux (x86_64)
--
-- Host: localhost    Database: rentalwifi
-- ------------------------------------------------------
-- Server version	8.0.29-0ubuntu0.20.04.3

/*!40101 SET @OLD_CHARACTER_SET_CLIENT=@@CHARACTER_SET_CLIENT */;
/*!40101 SET @OLD_CHARACTER_SET_RESULTS=@@CHARACTER_SET_RESULTS */;
/*!40101 SET @OLD_COLLATION_CONNECTION=@@COLLATION_CONNECTION */;
/*!50503 SET NAMES utf8mb4 */;
/*!40103 SET @OLD_TIME_ZONE=@@TIME_ZONE */;
/*!40103 SET TIME_ZONE='+00:00' */;
/*!40014 SET @OLD_UNIQUE_CHECKS=@@UNIQUE_CHECKS, UNIQUE_CHECKS=0 */;
/*!40014 SET @OLD_FOREIGN_KEY_CHECKS=@@FOREIGN_KEY_CHECKS, FOREIGN_KEY_CHECKS=0 */;
/*!40101 SET @OLD_SQL_MODE=@@SQL_MODE, SQL_MODE='NO_AUTO_VALUE_ON_ZERO' */;
/*!40111 SET @OLD_SQL_NOTES=@@SQL_NOTES, SQL_NOTES=0 */;

--
-- Table structure for table `paket`
--

DROP TABLE IF EXISTS `paket`;
/*!40101 SET @saved_cs_client     = @@character_set_client */;
/*!50503 SET character_set_client = utf8mb4 */;
CREATE TABLE `paket` (
  `id` int NOT NULL AUTO_INCREMENT,
  `nama` varchar(100) COLLATE utf8mb4_general_ci NOT NULL,
  `kecepatan` varchar(50) COLLATE utf8mb4_general_ci NOT NULL,
  `harga` int NOT NULL,
  `deskripsi` text COLLATE utf8mb4_general_ci,
  `created_at` timestamp NOT NULL DEFAULT CURRENT_TIMESTAMP,
  PRIMARY KEY (`id`)
) ENGINE=InnoDB AUTO_INCREMENT=28 DEFAULT CHARSET=utf8mb4 COLLATE=utf8mb4_general_ci;
/*!40101 SET character_set_client = @saved_cs_client */;

--
-- Dumping data for table `paket`
--

LOCK TABLES `paket` WRITE;
/*!40000 ALTER TABLE `paket` DISABLE KEYS */;
INSERT INTO `paket` VALUES (4,'120','',120000,NULL,'2025-03-01 09:54:10'),(5,'150','',150000,NULL,'2025-03-01 09:54:10'),(6,'165','',165000,NULL,'2025-03-01 09:54:10'),(7,'170','',170000,NULL,'2025-03-01 09:54:10'),(8,'240','',240000,NULL,'2025-03-01 09:54:10'),(9,'110',' ',110000,' ','2025-03-01 14:19:38'),(10,'100',' ',100000,' ','2025-03-01 14:19:53'),(11,'140',' ',140000,' ','2025-03-01 14:20:05'),(12,'200',' ',200000,' ','2025-03-01 14:20:18'),(13,'360',' ',360000,' ','2025-03-01 14:20:36'),(14,'300',' ',300000,' ','2025-03-01 14:21:10'),(15,'160',' ',160000,' ','2025-03-01 14:21:40'),(16,'400',' ',400000,' ','2025-03-01 14:21:49'),(17,'250',' ',250000,' ','2025-03-01 14:21:58'),(18,'280',' ',280000,' ','2025-03-01 14:22:08'),(19,'225',' ',225000,' ','2025-03-01 14:22:18'),(20,'230',' ',230000,'','2025-03-03 01:06:33'),(21,'155',' ',155000,'','2025-03-03 01:06:51'),(22,'340',' ',340000,'','2025-03-03 15:44:51'),(23,'90',' ',90000,'cctv ','2025-03-05 00:56:17'),(24,'350','  ',350000,'','2025-03-07 01:45:50'),(25,'1250',' ',1250000,' ','2025-03-07 12:13:54'),(26,'770','  ',770000,'','2025-03-24 21:05:50'),(27,'890',' ',890000,'','2025-03-30 10:13:18');
/*!40000 ALTER TABLE `paket` ENABLE KEYS */;
UNLOCK TABLES;

--
-- Table structure for table `pelanggan`
--

DROP TABLE IF EXISTS `pelanggan`;
/*!40101 SET @saved_cs_client     = @@character_set_client */;
/*!50503 SET character_set_client = utf8mb4 */;
CREATE TABLE `pelanggan` (
  `id` int NOT NULL AUTO_INCREMENT,
  `nama` varchar(100) COLLATE utf8mb4_general_ci NOT NULL,
  `alamat` text COLLATE utf8mb4_general_ci NOT NULL,
  `no_hp` text COLLATE utf8mb4_general_ci NOT NULL,
  `status` enum('aktif','nonaktif') COLLATE utf8mb4_general_ci DEFAULT 'aktif',
  `created_at` timestamp NOT NULL DEFAULT CURRENT_TIMESTAMP,
  `paket_id` int DEFAULT NULL,
  `pop` text COLLATE utf8mb4_general_ci NOT NULL,
  PRIMARY KEY (`id`),
  KEY `paket_id` (`paket_id`)
) ENGINE=InnoDB AUTO_INCREMENT=1443 DEFAULT CHARSET=utf8mb4 COLLATE=utf8mb4_general_ci;
/*!40101 SET character_set_client = @saved_cs_client */;

--
-- Dumping data for table `pelanggan`
--

LOCK TABLES `pelanggan` WRITE;
/*!40000 ALTER TABLE `pelanggan` DISABLE KEYS */;
INSERT INTO `pelanggan` VALUES (111,'ADIP','MALASAN','','aktif','0000-00-00 00:00:00',4,''),(112,'AGUS BAYAN','MALASAN','','aktif','0000-00-00 00:00:00',4,''),(113,'ANANG','MALASAN','','aktif','0000-00-00 00:00:00',4,''),(114,'ANDRA','MALASAN','','aktif','0000-00-00 00:00:00',4,''),(115,'ANDREAS SOFIAN','MALASAN','','aktif','0000-00-00 00:00:00',4,''),(116,'ANIS / NISOM','MALASAN','','aktif','0000-00-00 00:00:00',4,''),(117,'ARDIN TF','MALASAN','','aktif','0000-00-00 00:00:00',4,''),(118,'ARIF KLINIK','MALASAN','','aktif','0000-00-00 00:00:00',4,''),(119,'BANGI ETEK','MALASAN','','aktif','0000-00-00 00:00:00',4,''),(120,'BIBIT - MEME','MALASAN','','aktif','0000-00-00 00:00:00',4,''),(121,'BIDIN','MALASAN','','aktif','0000-00-00 00:00:00',4,''),(122,'BU SRIP / JAKA TF','MALASAN','','aktif','0000-00-00 00:00:00',8,''),(123,'BUD / BIBIT','MALASAN','','aktif','0000-00-00 00:00:00',4,''),(124,'DEVI - MUNIF','MALASAN','','aktif','0000-00-00 00:00:00',4,''),(125,'DIKA HANIK','MALASAN','','aktif','0000-00-00 00:00:00',4,''),(126,'EGA','MALASAN','','aktif','0000-00-00 00:00:00',4,''),(127,'FERI','MALASAN','','aktif','0000-00-00 00:00:00',4,''),(128,'FIKRIL / SUHAB','MALASAN','','aktif','0000-00-00 00:00:00',4,''),(129,'FRANSISCA MAYA','MALASAN','','aktif','0000-00-00 00:00:00',4,''),(130,'FRISAH BUAH','MALASAN','','aktif','0000-00-00 00:00:00',4,''),(131,'GENTA / PUR','MALASAN','','aktif','0000-00-00 00:00:00',4,''),(132,'GIRI','MALASAN','','aktif','0000-00-00 00:00:00',4,''),(133,'HANDOKO MUN','MALASAN','','aktif','0000-00-00 00:00:00',4,''),(134,'HURI / BENGKEL MOTOR','MALASAN','','aktif','0000-00-00 00:00:00',4,''),(135,'IKA RIAS - DITA RIYANA','MALASAN','','aktif','0000-00-00 00:00:00',4,''),(136,'IPAH / KULON FRISAH BUAH','MALASAN','','aktif','0000-00-00 00:00:00',4,''),(137,'KANTOR DESA MALASAN','MALASAN','','aktif','0000-00-00 00:00:00',6,''),(138,'KARYADI DONI','MALASAN','','aktif','0000-00-00 00:00:00',4,''),(139,'LINDA / DAKRUN','MALASAN','','aktif','0000-00-00 00:00:00',4,''),(140,'MBAH MANSUR','MALASAN','','aktif','0000-00-00 00:00:00',4,''),(141,'MUKALAL','MALASAN','','aktif','0000-00-00 00:00:00',4,''),(142,'NANANG - HENI','MALASAN','','aktif','0000-00-00 00:00:00',4,''),(143,'NUNIK (P. SUMANI)','MALASAN','','aktif','0000-00-00 00:00:00',4,''),(144,'NUR / NANTA (JANGKRIK)','MALASAN','','aktif','0000-00-00 00:00:00',4,''),(145,'NURI MALASAN','MALASAN','   ','aktif','0000-00-00 00:00:00',4,''),(146,'NURUL / SALON SOFIA','MALASAN','','aktif','0000-00-00 00:00:00',4,''),(147,'PENDIK / POLISI','MALASAN','','aktif','0000-00-00 00:00:00',4,''),(148,'RIRIN / KINO','MALASAN','','aktif','0000-00-00 00:00:00',4,''),(149,'RIYAN TINA','MALASAN','','aktif','0000-00-00 00:00:00',4,''),(150,'RUDI MELA','MALASAN','','aktif','0000-00-00 00:00:00',4,''),(151,'SABRINA - DWI','MALASAN','','aktif','0000-00-00 00:00:00',4,''),(152,'SD MALASAN 4','MALASAN','','aktif','0000-00-00 00:00:00',5,''),(153,'SIGIT / ENDRI ','MALASAN','','aktif','0000-00-00 00:00:00',4,''),(154,'SITI','MALASAN','','aktif','0000-00-00 00:00:00',4,''),(155,'SUBANDI','MALASAN','','aktif','0000-00-00 00:00:00',4,''),(156,'SULAM','MALASAN','','aktif','0000-00-00 00:00:00',4,''),(157,'SULISTIANA WATI ','MALASAN','','aktif','0000-00-00 00:00:00',4,''),(158,'SUMAR - WIN / PARE','MALASAN','','aktif','0000-00-00 00:00:00',4,''),(159,'TOTOK','MALASAN','','aktif','0000-00-00 00:00:00',4,''),(160,'VIKA','MALASAN','','aktif','0000-00-00 00:00:00',4,''),(161,'WAKID KAF CELL','MALASAN','','aktif','0000-00-00 00:00:00',5,''),(162,'WAKIJAH','MALASAN','','aktif','0000-00-00 00:00:00',4,''),(163,'YOGI - ISMADI','MALASAN','','aktif','0000-00-00 00:00:00',4,''),(164,'ZAENAL TOKO BANGUNAN','MALASAN','','aktif','0000-00-00 00:00:00',4,''),(165,'ZULFA / SOLIK','MALASAN','','aktif','0000-00-00 00:00:00',4,''),(166,'EVANDI RUMAH','MALASAN ','','aktif','0000-00-00 00:00:00',4,''),(167,'SUHARTI','MALASAN ','','aktif','0000-00-00 00:00:00',4,''),(168,'ADIT','MALASAN KIDUL','','aktif','0000-00-00 00:00:00',4,''),(169,'AFIDA','MALASAN KIDUL','','aktif','0000-00-00 00:00:00',4,''),(170,'ANAS RIQI YUNIANTA','MALASAN KIDUL','','aktif','0000-00-00 00:00:00',4,''),(171,'ANGGI / NOVI','MALASAN KIDUL','','aktif','0000-00-00 00:00:00',4,''),(172,'ANJAR','MALASAN KIDUL','','aktif','0000-00-00 00:00:00',4,''),(173,'ARIK / ANIS','MALASAN KIDUL','','aktif','0000-00-00 00:00:00',4,''),(174,'ARIS / RITA','MALASAN KIDUL','','aktif','0000-00-00 00:00:00',4,''),(175,'ARU - NANA','MALASAN KIDUL','','aktif','0000-00-00 00:00:00',7,''),(176,'BANDRIYAH / NOVI','MALASAN KIDUL','','aktif','0000-00-00 00:00:00',4,''),(177,'CACAK - SRI','MALASAN KIDUL','','aktif','0000-00-00 00:00:00',4,''),(178,'DARMONO / RISKA','MALASAN KIDUL','','aktif','0000-00-00 00:00:00',4,''),(179,'DARTO','MALASAN KIDUL','','aktif','0000-00-00 00:00:00',4,''),(180,'DEBI','MALASAN KIDUL','','aktif','0000-00-00 00:00:00',4,''),(181,'DEWI','MALASAN KIDUL','','aktif','0000-00-00 00:00:00',4,''),(182,'DOMPET / AGUS','MALASAN KIDUL','','aktif','0000-00-00 00:00:00',4,''),(183,'ELI / TIK','MALASAN KIDUL','','aktif','0000-00-00 00:00:00',4,''),(184,'ETI','MALASAN KIDUL','','aktif','0000-00-00 00:00:00',4,''),(185,'FITRI','MALASAN KIDUL','','aktif','0000-00-00 00:00:00',4,''),(186,'HERI KATUL','MALASAN KIDUL','','aktif','0000-00-00 00:00:00',4,''),(187,'INDAH KISWENI','MALASAN KIDUL','','aktif','0000-00-00 00:00:00',4,''),(188,'IRWANTO','MALASAN KIDUL','','aktif','0000-00-00 00:00:00',4,''),(189,'ISTIQOMAH','MALASAN KIDUL','','aktif','0000-00-00 00:00:00',4,''),(190,'KATENI','MALASAN KIDUL','','aktif','0000-00-00 00:00:00',4,''),(191,'KULSUM','MALASAN KIDUL','','aktif','0000-00-00 00:00:00',4,''),(192,'LUSI','MALASAN KIDUL','','aktif','0000-00-00 00:00:00',4,''),(193,'MARNO','MALASAN KIDUL','','aktif','0000-00-00 00:00:00',4,''),(194,'NGATIYAH','MALASAN KIDUL','','aktif','0000-00-00 00:00:00',4,''),(195,'NITA','MALASAN KIDUL','','aktif','0000-00-00 00:00:00',4,''),(197,'NOVI DALANG','MALASAN KIDUL','','aktif','0000-00-00 00:00:00',4,''),(198,'PIA','MALASAN KIDUL','','aktif','0000-00-00 00:00:00',4,''),(199,'PUR YAYUK','MALASAN KIDUL','','aktif','0000-00-00 00:00:00',4,''),(200,'RATNA KIDUL','MALASAN KIDUL','  ','aktif','0000-00-00 00:00:00',4,''),(201,'RINI / ABAD','MALASAN KIDUL','','aktif','0000-00-00 00:00:00',4,''),(202,'RISKI MALASAN KIDUL','MALASAN KIDUL','  ','aktif','0000-00-00 00:00:00',4,''),(203,'RUSMINI - NISA','MALASAN KIDUL','','aktif','0000-00-00 00:00:00',4,''),(204,'SAMSUL','MALASAN KIDUL','','aktif','0000-00-00 00:00:00',4,''),(205,'SITI / LAPINDO','MALASAN KIDUL','','aktif','0000-00-00 00:00:00',4,''),(206,'SLAMET MALASAN KIDUL','MALASAN KIDUL',' ','aktif','0000-00-00 00:00:00',4,''),(207,'SUDJIATI','MALASAN KIDUL','','aktif','0000-00-00 00:00:00',4,''),(208,'SUNAR','MALASAN KIDUL','','aktif','0000-00-00 00:00:00',4,''),(209,'SUPRAPTI - TOMO','MALASAN KIDUL','','aktif','0000-00-00 00:00:00',4,''),(210,'SUR / POLISI','MALASAN KIDUL','','aktif','0000-00-00 00:00:00',4,''),(211,'SUWITO IKAH','MALASAN KIDUL','','aktif','0000-00-00 00:00:00',4,''),(212,'TOJI','MALASAN KIDUL','','aktif','0000-00-00 00:00:00',7,''),(213,'UMI','MALASAN KIDUL','','aktif','0000-00-00 00:00:00',4,''),(214,'WINARTI','MALASAN KIDUL','','aktif','0000-00-00 00:00:00',4,''),(215,'WINARTO','MALASAN KIDUL','','aktif','0000-00-00 00:00:00',4,''),(216,'WIWIK','MALASAN KIDUL','','aktif','0000-00-00 00:00:00',4,''),(217,'WIWIN ANDRE','MALASAN KIDUL','','aktif','0000-00-00 00:00:00',4,''),(218,'AFIFFAH','MALASAN KULON','','aktif','0000-00-00 00:00:00',4,''),(219,'AGUS MALASAN KULON','MALASAN KULON',' ','aktif','0000-00-00 00:00:00',4,''),(220,'AMIN','MALASAN KULON','','aktif','0000-00-00 00:00:00',4,''),(221,'ANDI','MALASAN KULON','','aktif','0000-00-00 00:00:00',4,''),(222,'AZIS','MALASAN KULON','','aktif','0000-00-00 00:00:00',4,''),(223,'BAMBANG WIYONO ONI','MALASAN KULON','','aktif','0000-00-00 00:00:00',4,''),(224,'BASRONI / BAKUL WEDUS','MALASAN KULON','','aktif','0000-00-00 00:00:00',4,''),(225,'BU HANIK','MALASAN KULON','','aktif','0000-00-00 00:00:00',4,''),(226,'DADANG','MALASAN KULON','','aktif','0000-00-00 00:00:00',4,''),(227,'DANI','MALASAN KULON','','aktif','0000-00-00 00:00:00',4,''),(228,'EKO YULIANI','MALASAN KULON','','aktif','0000-00-00 00:00:00',4,''),(229,'ELIK SULISTIOWATI','MALASAN KULON','','aktif','0000-00-00 00:00:00',4,''),(230,'HEGEL','MALASAN KULON','','aktif','0000-00-00 00:00:00',4,''),(231,'KARMANI','MALASAN KULON','','aktif','0000-00-00 00:00:00',4,''),(232,'KARYATI','MALASAN KULON','','aktif','0000-00-00 00:00:00',4,''),(233,'LOUNDRY ERLIN','MALASAN KULON','','aktif','0000-00-00 00:00:00',4,''),(235,'MUHTAR MODIN','MALASAN KULON','','aktif','0000-00-00 00:00:00',4,''),(236,'MUNAWARTI','MALASAN KULON','','aktif','0000-00-00 00:00:00',4,''),(237,'MUNIF','MALASAN KULON','','aktif','0000-00-00 00:00:00',4,''),(238,'NADIR','MALASAN KULON','','aktif','0000-00-00 00:00:00',4,''),(239,'NAMLI BAGUS','MALASAN KULON','','aktif','0000-00-00 00:00:00',7,''),(240,'NINDA','MALASAN KULON','','aktif','0000-00-00 00:00:00',4,''),(241,'NUNA','MALASAN KULON','','aktif','0000-00-00 00:00:00',4,''),(242,'P. TOHIR','MALASAN KULON','','aktif','0000-00-00 00:00:00',4,''),(243,'PANI / BIBIT','MALASAN KULON','','aktif','0000-00-00 00:00:00',4,''),(244,'PIYO','MALASAN KULON','','aktif','0000-00-00 00:00:00',4,''),(245,'POM MINI','MALASAN KULON','','aktif','0000-00-00 00:00:00',6,''),(246,'SANTO','MALASAN KULON','','aktif','0000-00-00 00:00:00',4,''),(247,'SOKIP / TOYAH','MALASAN KULON','','aktif','0000-00-00 00:00:00',4,''),(249,'TAMAN','MALASAN KULON','','aktif','0000-00-00 00:00:00',4,''),(250,'TAPIT GURU (ETAN DAM)','MALASAN KULON','','aktif','0000-00-00 00:00:00',4,''),(251,'TITIK SAYUR','MALASAN KULON','','aktif','0000-00-00 00:00:00',4,''),(252,'YANI BEBEK','MALASAN KULON','','aktif','0000-00-00 00:00:00',4,''),(253,'CHOLIF','MALASAN LOR','','aktif','0000-00-00 00:00:00',4,''),(254,'DWI - SERIN','MALASAN LOR','','aktif','0000-00-00 00:00:00',4,''),(255,'EKO - SAMSIYAH','MALASAN LOR','','aktif','0000-00-00 00:00:00',4,''),(256,'ENI / ETANE APIP','MALASAN LOR','','aktif','0000-00-00 00:00:00',4,''),(257,'FUADDIYAH','MALASAN LOR','','aktif','0000-00-00 00:00:00',4,''),(258,'HANDOKO','MALASAN LOR','','aktif','0000-00-00 00:00:00',4,''),(259,'HURI / YADI','MALASAN LOR','','aktif','0000-00-00 00:00:00',4,''),(260,'INDRA','MALASAN LOR','','aktif','0000-00-00 00:00:00',4,''),(261,'IPAN - ASROFI','MALASAN LOR','','aktif','0000-00-00 00:00:00',4,''),(262,'KARIJO / TAHU','MALASAN LOR','','aktif','0000-00-00 00:00:00',4,''),(263,'LULUK','MALASAN LOR','','aktif','0000-00-00 00:00:00',4,''),(264,'PURNOMO','CEPEK','  ','aktif','0000-00-00 00:00:00',4,''),(265,'SLAMET MALASAN LOR','MALASAN LOR',' ','aktif','0000-00-00 00:00:00',5,''),(266,'UUNG','MALASAN LOR','','aktif','0000-00-00 00:00:00',4,''),(267,'ANAM KOMPOR','CEPEK','','aktif','0000-00-00 00:00:00',4,''),(268,'ANDRI / SELIP','CEPEK',' ','aktif','0000-00-00 00:00:00',11,''),(269,'ARIK / RIA','CEPEK','','aktif','0000-00-00 00:00:00',4,''),(270,'ASROFI','CEPEK','','aktif','0000-00-00 00:00:00',4,''),(271,'DWI / LORE KEMIS 2','CEPEK','','aktif','0000-00-00 00:00:00',8,''),(272,'EDI BILUNG','CEPEK','','aktif','0000-00-00 00:00:00',4,''),(273,'ELIS / ANDI','CEPEK','','aktif','0000-00-00 00:00:00',4,''),(274,'HANA / YATNO / YANTI','CEPEK','','aktif','0000-00-00 00:00:00',4,''),(275,'ARIK - HARTONO','CEPEK','','aktif','0000-00-00 00:00:00',4,''),(276,'ICHA / SUPRI','CEPEK','','aktif','0000-00-00 00:00:00',4,''),(277,'IDA - AAN','CEPEK','','aktif','0000-00-00 00:00:00',4,''),(278,'IMAM','CEPEK','','aktif','0000-00-00 00:00:00',4,''),(279,'JULI - NITA','CEPEK','','aktif','0000-00-00 00:00:00',4,''),(280,'KEMIS ICUK','CEPEK','','aktif','0000-00-00 00:00:00',4,''),(281,'KURDIN  / DEPAN KOIR / KUSAINI DIMAS','CEPEK',' ','aktif','0000-00-00 00:00:00',4,''),(282,'KUSNI','CEPEK','','aktif','0000-00-00 00:00:00',4,''),(283,'MEGENG','CEPEK','','aktif','0000-00-00 00:00:00',4,''),(284,'NURSAID','CEPEK','','aktif','0000-00-00 00:00:00',4,''),(285,'P. YUK','CEPEK','','aktif','0000-00-00 00:00:00',4,''),(286,'PAK MAT / ROHMAT','CEPEK','','aktif','0000-00-00 00:00:00',4,''),(287,'PAK OB / AMI','CEPEK','','aktif','0000-00-00 00:00:00',4,''),(288,'PUR AYAM','CEPEK','','aktif','0000-00-00 00:00:00',4,''),(289,'RORI','CEPEK','','aktif','0000-00-00 00:00:00',4,''),(290,'SAIMUN LINGGA','CEPEK','','aktif','0000-00-00 00:00:00',4,''),(291,'SAUJI / ETAN TOKO KOIR','CEPEK','','aktif','0000-00-00 00:00:00',4,''),(292,'SUTAJI AZARIA','CEPEK','','aktif','0000-00-00 00:00:00',4,''),(293,'TIK / SRIWAHYUNI','CEPEK','','aktif','0000-00-00 00:00:00',5,''),(294,'RONI','CEPEK','','aktif','0000-00-00 00:00:00',4,''),(295,'RIA','CEPEK','','aktif','0000-00-00 00:00:00',4,''),(296,'FAIZ','CEPEK','','aktif','0000-00-00 00:00:00',4,''),(297,'KADIK','CEPEK','','aktif','0000-00-00 00:00:00',4,''),(298,'JAITUN','CEPEK','','aktif','0000-00-00 00:00:00',4,''),(299,'TOPA','CEPEK','','aktif','0000-00-00 00:00:00',4,''),(300,'WAHYU CEPEK','CEPEK','  ','aktif','0000-00-00 00:00:00',4,''),(301,'WATINI','CEPEK','','aktif','0000-00-00 00:00:00',4,''),(302,'YANTO','CEPEK','','aktif','0000-00-00 00:00:00',4,''),(303,'ANAM / ASIH','CEPEK','','aktif','0000-00-00 00:00:00',4,''),(304,'YASIN cepek','CEPEK','  ','aktif','0000-00-00 00:00:00',4,''),(305,'YONI','CEPEK','','aktif','0000-00-00 00:00:00',4,''),(306,'YONO  NITA','CEPEK','','aktif','0000-00-00 00:00:00',6,''),(307,'YULI ','CEPEK','','aktif','0000-00-00 00:00:00',4,''),(308,'WAGINO / APRILIA','CEPEK','','aktif','0000-00-00 00:00:00',4,''),(309,'IPUL - KARTUMI','CEPEK','','aktif','0000-00-00 00:00:00',4,''),(310,'SUBEKTI','CEPEK','','aktif','0000-00-00 00:00:00',4,''),(311,'LINDA ','CEPEKL','','aktif','0000-00-00 00:00:00',4,''),(312,'ANA NOVIANTI','SAMBENG','','aktif','0000-00-00 00:00:00',4,''),(313,'BRENI CANGKRUK','SAMBENG','','aktif','0000-00-00 00:00:00',4,''),(314,'BU HARTINI / MOKO','SAMBENG','','aktif','0000-00-00 00:00:00',4,''),(315,'BUDI / ANTOK','SAMBENG','','aktif','0000-00-00 00:00:00',8,''),(316,'CERY WINARSIH','SAMBENG','','aktif','0000-00-00 00:00:00',4,''),(317,'DIAS','SAMBENG','','aktif','0000-00-00 00:00:00',4,''),(318,'EDI / BKL WEDUS','SAMBENG','','aktif','0000-00-00 00:00:00',4,''),(319,'GUS MAARUF','SAMBENG','','aktif','0000-00-00 00:00:00',4,''),(320,'HABIBAH','SAMBENG','','aktif','0000-00-00 00:00:00',4,''),(321,'HERLAN','SAMBENG','','aktif','0000-00-00 00:00:00',4,''),(322,'JEMU','SAMBENG','','aktif','0000-00-00 00:00:00',4,''),(323,'KUSNANTO','SAMBENG','','aktif','0000-00-00 00:00:00',4,''),(324,'LANGGENG','SAMBENG','','aktif','0000-00-00 00:00:00',4,''),(325,'MAHMUDI - ELBI ','SAMBENG','','aktif','0000-00-00 00:00:00',4,''),(326,'MARJI','SAMBENG','','aktif','0000-00-00 00:00:00',4,''),(328,'MUL / GURU','SAMBENG','','aktif','0000-00-00 00:00:00',4,''),(329,'PARDI SELIP','SAMBENG','','aktif','0000-00-00 00:00:00',4,''),(330,'PURWANTO','SAMBENG','','aktif','0000-00-00 00:00:00',4,''),(331,'RAMA','SAMBENG','','aktif','0000-00-00 00:00:00',4,''),(332,'RINI SUHAERTINI','SAMBENG','','aktif','0000-00-00 00:00:00',4,''),(333,'SARKAM TRUK','SAMBENG','','aktif','0000-00-00 00:00:00',4,''),(334,'SEFI','SAMBENG','','aktif','0000-00-00 00:00:00',4,''),(335,'SIARNO','SAMBENG','','aktif','0000-00-00 00:00:00',4,''),(336,'SIGIT BIANTO','SAMBENG','','aktif','0000-00-00 00:00:00',4,''),(337,'SU / SUMANTO','SAMBENG','','aktif','0000-00-00 00:00:00',4,''),(338,'SUBIYANTO','SAMBENG','','aktif','0000-00-00 00:00:00',4,''),(339,'SUDIONO','SAMBENG','','aktif','0000-00-00 00:00:00',4,''),(340,'SUKANI','SAMBENG','','aktif','0000-00-00 00:00:00',4,''),(341,'SUPRI','SAMBENG','','aktif','0000-00-00 00:00:00',4,''),(342,'SUPRIHATIN','SAMBENG','','aktif','0000-00-00 00:00:00',4,''),(343,'SURIDI','SAMBENG','','aktif','0000-00-00 00:00:00',4,''),(344,'SUYATI','SAMBENG','','aktif','0000-00-00 00:00:00',4,''),(345,'TANTO','SAMBENG','','aktif','0000-00-00 00:00:00',4,''),(346,'UMAYAH - IMA','SAMBENG','','aktif','0000-00-00 00:00:00',4,''),(347,'WAHYU SAMBENG','SAMBENG','  ','aktif','0000-00-00 00:00:00',4,''),(348,'AGO','COMPOK','','aktif','0000-00-00 00:00:00',4,''),(349,'AGUS CAT','COMPOK','','aktif','0000-00-00 00:00:00',4,''),(350,'AGUS FATONI','COMPOK','','aktif','0000-00-00 00:00:00',4,''),(351,'AMIN TOKO','COMPOK','','aktif','0000-00-00 00:00:00',4,''),(352,'AMRAN','COMPOK','','aktif','0000-00-00 00:00:00',4,''),(353,'ANA - NOPAL','COMPOK','','aktif','0000-00-00 00:00:00',4,''),(354,'ANIK ANDANAWATI','COMPOK','','aktif','0000-00-00 00:00:00',4,''),(355,'ANIK YULIANTI - RUDI','COMPOK','','aktif','0000-00-00 00:00:00',4,''),(356,'ASON','COMPOK','','aktif','0000-00-00 00:00:00',4,''),(357,'ATIK / ENGGA','COMPOK','','aktif','0000-00-00 00:00:00',4,''),(358,'ATIN','COMPOK','','aktif','0000-00-00 00:00:00',4,''),(359,'BADRUS / SRI HARTATIK','COMPOK','','aktif','0000-00-00 00:00:00',4,''),(360,'BASORI PERMAK','COMPOK','','aktif','0000-00-00 00:00:00',4,''),(361,'BUDI TNI','COMPOK','','aktif','0000-00-00 00:00:00',4,''),(362,'DIAN / YANTI','COMPOK','','aktif','0000-00-00 00:00:00',4,''),(363,'DIDIK','COMPOK','','aktif','0000-00-00 00:00:00',4,''),(364,'DIKA','COMPOK','','aktif','0000-00-00 00:00:00',4,''),(366,'DINA','COMPOK','','aktif','0000-00-00 00:00:00',4,''),(367,'DONI JOHARMAN','COMPOK','','aktif','0000-00-00 00:00:00',4,''),(368,'DWI / SITI MUTIPAH','COMPOK','','aktif','0000-00-00 00:00:00',4,''),(369,'EDI','COMPOK','','aktif','0000-00-00 00:00:00',4,''),(370,'EDI POLISI / EDI SUKIRNO','COMPOK','','aktif','0000-00-00 00:00:00',6,''),(372,'EDWIN / BU SUNDARSIH','COMPOK','','aktif','0000-00-00 00:00:00',4,''),(373,'EKO COMPOK','COMPOK','  ','aktif','0000-00-00 00:00:00',4,''),(374,'EKWAN','COMPOK','','aktif','0000-00-00 00:00:00',4,''),(375,'ENDANG / ARDAN ','COMPOK','','aktif','0000-00-00 00:00:00',4,''),(376,'ERIK','COMPOK','','aktif','0000-00-00 00:00:00',4,''),(377,'ERVINA','COMPOK','','aktif','0000-00-00 00:00:00',4,''),(378,'FARIDA','COMPOK','','aktif','0000-00-00 00:00:00',4,''),(379,'GENDIS KINANTI','COMPOK','','aktif','0000-00-00 00:00:00',4,''),(380,'GIAN','COMPOK','','aktif','0000-00-00 00:00:00',4,''),(381,'GIYO /  SUPARYATI','COMPOK','','aktif','0000-00-00 00:00:00',4,''),(382,'HARNO BEBEK - TEGUH','COMPOK','','aktif','0000-00-00 00:00:00',4,''),(383,'HERMIN','NGLANDEAN',' ','aktif','0000-00-00 00:00:00',4,''),(384,'HUDA','COMPOK','','aktif','0000-00-00 00:00:00',4,''),(385,'IFA','COMPOK','','aktif','0000-00-00 00:00:00',4,''),(386,'ILUL FAUZI','COMPOK','','aktif','0000-00-00 00:00:00',4,''),(387,'IMRON NGLANDEAN','NGLANDEAN','  ','aktif','0000-00-00 00:00:00',4,''),(388,'INDATRIA','COMPOK','','aktif','0000-00-00 00:00:00',4,''),(389,'IS / ALI','COMPOK','','aktif','0000-00-00 00:00:00',4,''),(390,'ITA ','COMPOK','','aktif','0000-00-00 00:00:00',4,''),(391,'ITIK KLEPON','COMPOK','','aktif','0000-00-00 00:00:00',4,''),(392,'IWIK','COMPOK','','aktif','0000-00-00 00:00:00',4,''),(393,'JANI / ARIF','COMPOK','','aktif','0000-00-00 00:00:00',4,''),(394,'JOKO','COMPOK','','aktif','0000-00-00 00:00:00',4,''),(396,'KAR / VICTOR','COMPOK','','aktif','0000-00-00 00:00:00',4,''),(397,'KARDI','COMPOK','','aktif','0000-00-00 00:00:00',4,''),(398,'KARYONO (BAKSO)','COMPOK','','aktif','0000-00-00 00:00:00',4,''),(399,'KARYONO BIDAN','COMPOK','','aktif','0000-00-00 00:00:00',4,''),(400,'KINO','COMPOK','','aktif','0000-00-00 00:00:00',4,''),(401,'KOJIN','COMPOK','','aktif','0000-00-00 00:00:00',4,''),(402,'KOTIMAH','COMPOK','','aktif','0000-00-00 00:00:00',4,''),(403,'KRISNA','COMPOK','','aktif','0000-00-00 00:00:00',4,''),(404,'KUSNAINI / TIMUR P.TRIS','COMPOK','','aktif','0000-00-00 00:00:00',4,''),(405,'LAILA / NURLAILA','COMPOK','','aktif','0000-00-00 00:00:00',4,''),(406,'LASTRI 120','COMPOK',' ','aktif','0000-00-00 00:00:00',4,''),(407,'LASTRI 170','COMPOK',' ','aktif','0000-00-00 00:00:00',7,''),(408,'LILIK / ETAN SD 1','COMPOK','','aktif','0000-00-00 00:00:00',4,''),(409,'LISPURWATI','COMPOK','','aktif','0000-00-00 00:00:00',4,''),(410,'MANI - YULI','COMPOK','','aktif','0000-00-00 00:00:00',4,''),(411,'MANU','COMPOK','','aktif','0000-00-00 00:00:00',4,''),(412,'MAS YON KARYONO','COMPOK','','aktif','0000-00-00 00:00:00',4,''),(413,'MAT - MEUBEL','COMPOK','','aktif','0000-00-00 00:00:00',4,''),(414,'MUJIONO / TATIK','COMPOK','','aktif','0000-00-00 00:00:00',4,''),(415,'MUN FEBRI','COMPOK','','aktif','0000-00-00 00:00:00',4,''),(416,'MURYONO / IKA','COMPOK','','aktif','0000-00-00 00:00:00',4,''),(417,'NADIA NURUL','COMPOK','','aktif','0000-00-00 00:00:00',4,''),(418,'NAH / NURUL','COMPOK','','aktif','0000-00-00 00:00:00',4,''),(419,'NARYO','COMPOK','','aktif','0000-00-00 00:00:00',4,''),(420,'NOGLENG','COMPOK','','aktif','0000-00-00 00:00:00',7,''),(421,'NOVAL','COMPOK','','aktif','0000-00-00 00:00:00',4,''),(422,'NURGIANTO','COMPOK','','aktif','0000-00-00 00:00:00',4,''),(423,'NURHAYATI','COMPOK','','aktif','0000-00-00 00:00:00',4,''),(424,'NURWAKIT','COMPOK','','aktif','0000-00-00 00:00:00',4,''),(425,'ONOT / GIYONO','COMPOK','','aktif','0000-00-00 00:00:00',4,''),(426,'OPEN','COMPOK','','aktif','0000-00-00 00:00:00',4,''),(427,'P. DJI (SURADJI)','COMPOK','','aktif','0000-00-00 00:00:00',4,''),(428,'PANDO','COMPOK','','aktif','0000-00-00 00:00:00',4,''),(429,'PANDU','COMPOK','','aktif','0000-00-00 00:00:00',4,''),(431,'PARSI - TOYOK','COMPOK','','aktif','0000-00-00 00:00:00',4,''),(432,'PARSONO','COMPOK','','aktif','0000-00-00 00:00:00',4,''),(433,'PARYANTI','COMPOK','','aktif','0000-00-00 00:00:00',4,''),(434,'POM MINI - SRI','COMPOK','','aktif','0000-00-00 00:00:00',4,''),(435,'PUJI ','COMPOK','','aktif','0000-00-00 00:00:00',4,''),(436,'PUJIANTO','COMPOK','','aktif','0000-00-00 00:00:00',4,''),(437,'PUR / ANANTA','COMPOK','','aktif','0000-00-00 00:00:00',4,''),(438,'RASIJO','COMPOK','','aktif','0000-00-00 00:00:00',4,''),(439,'RATNA COMPOK','COMPOK','  ','aktif','0000-00-00 00:00:00',4,''),(440,'RIDHO / RATIH','COMPOK','','aktif','0000-00-00 00:00:00',4,''),(441,'RIMA','COMPOK','','aktif','0000-00-00 00:00:00',4,''),(442,'RINA ','COMPOK','','aktif','0000-00-00 00:00:00',4,''),(443,'RIRIN / SURYA ABADI','COMPOK','','aktif','0000-00-00 00:00:00',4,''),(444,'RISKI COMPOK','COMPOK',' ','aktif','0000-00-00 00:00:00',4,''),(445,'SAKUR / AYU','COMPOK','','aktif','0000-00-00 00:00:00',4,''),(446,'SARI ','COMPOK','','aktif','0000-00-00 00:00:00',4,''),(447,'SARMANAH / ANAS','COMPOK','','aktif','0000-00-00 00:00:00',4,''),(448,'SAROH','COMPOK','','aktif','0000-00-00 00:00:00',4,''),(449,'SIGIT (BEBEK)','COMPOK','','aktif','0000-00-00 00:00:00',4,''),(450,'SODIK','COMPOK','','aktif','0000-00-00 00:00:00',4,''),(451,'SRI','COMPOK','','aktif','0000-00-00 00:00:00',4,''),(452,'SRI / TAMA','COMPOK','','aktif','0000-00-00 00:00:00',4,''),(453,'SUDJARWO','COMPOK','','aktif','0000-00-00 00:00:00',4,''),(454,'SUGENG - MEI','COMPOK','','aktif','0000-00-00 00:00:00',4,''),(455,'SUKARDI','COMPOK','','aktif','0000-00-00 00:00:00',4,''),(456,'SULISTIAWAN','COMPOK','','aktif','0000-00-00 00:00:00',4,''),(457,'SUMAR','COMPOK','','aktif','0000-00-00 00:00:00',4,''),(458,'SUPRIADI KONVEKSI','COMPOK','','aktif','0000-00-00 00:00:00',4,''),(459,'SUPRIH','COMPOK','','aktif','0000-00-00 00:00:00',4,''),(460,'SUTIYAH / PUGUH','COMPOK','','aktif','0000-00-00 00:00:00',4,''),(461,'SUYONO','COMPOK','','aktif','0000-00-00 00:00:00',4,''),(462,'TAMAM','COMPOK','','aktif','0000-00-00 00:00:00',4,''),(463,'TEGUH / JAMILAH','COMPOK','','aktif','0000-00-00 00:00:00',4,''),(464,'TOKO DITA / PARTI','COMPOK','','aktif','0000-00-00 00:00:00',4,''),(465,'TRIANI / BIMA','COMPOK','','aktif','0000-00-00 00:00:00',4,''),(466,'TRIS / NANIK','COMPOK','','aktif','0000-00-00 00:00:00',4,''),(467,'TRIWINDARI','COMPOK','','aktif','0000-00-00 00:00:00',4,''),(468,'UDRIK','COMPOK','','aktif','0000-00-00 00:00:00',4,''),(469,'UTAMI','COMPOK','','aktif','0000-00-00 00:00:00',4,''),(470,'UTAMI - PUJO','COMPOK','','aktif','0000-00-00 00:00:00',4,''),(471,'VITA / PINGI','COMPOK','','aktif','0000-00-00 00:00:00',4,''),(472,'WARKOP THE MO','COMPOK','','aktif','0000-00-00 00:00:00',4,''),(473,'WASIS','COMPOK','','aktif','0000-00-00 00:00:00',4,''),(474,'WIN / GURU TK','COMPOK','','aktif','0000-00-00 00:00:00',4,''),(475,'WIN / SEKAR','COMPOK','','aktif','0000-00-00 00:00:00',4,''),(476,'WIT KIDUL LAPANGAN','COMPOK','','aktif','0000-00-00 00:00:00',4,''),(477,'YASIN compok','COMPOK','  ','aktif','0000-00-00 00:00:00',4,''),(478,'YAYUK','COMPOK','','aktif','0000-00-00 00:00:00',4,''),(479,'YENI','COMPOK','','aktif','0000-00-00 00:00:00',4,''),(480,'YESI SULISTIANI','COMPOK','','aktif','0000-00-00 00:00:00',4,''),(481,'YIT','COMPOK','','aktif','0000-00-00 00:00:00',5,''),(482,'YONI - PRIH BEBEK','COMPOK','','aktif','0000-00-00 00:00:00',4,''),(483,'YOGA','COMPOK','','aktif','0000-00-00 00:00:00',4,''),(484,'BU WIWIK','MBOTO','','aktif','0000-00-00 00:00:00',4,''),(485,'MARWANTO','MBOTO','','aktif','0000-00-00 00:00:00',4,''),(486,'NOVI / ETANE WIWIK','MBOTO','','aktif','0000-00-00 00:00:00',4,''),(487,'IDIN','MBOTO KIDUL','','aktif','0000-00-00 00:00:00',4,''),(488,'MAK TI','MBOTO LOR','','aktif','0000-00-00 00:00:00',4,''),(490,'TRIONO','MBOTO LOR','','aktif','0000-00-00 00:00:00',4,''),(491,'ROSID','MBOTO LOR','','aktif','0000-00-00 00:00:00',4,''),(492,'ASNGARI','MBOTO LOR','','aktif','0000-00-00 00:00:00',4,''),(493,'DEVI / TAMBAN','MBOTO LOR','','aktif','0000-00-00 00:00:00',4,''),(494,'AVI - ZIDAN','MBOTO LOR','','aktif','0000-00-00 00:00:00',4,''),(495,'RUSNI','MBOTO LOR','','aktif','0000-00-00 00:00:00',4,''),(496,'WARDI','MBOTO LOR','','aktif','0000-00-00 00:00:00',4,''),(497,'BOIMAN','MBOTO LOR','','aktif','0000-00-00 00:00:00',4,''),(498,'WISNU','NGOMPAK','','aktif','0000-00-00 00:00:00',4,''),(499,'MAHMUDI / ALMIRA','NGOMPAK','','aktif','0000-00-00 00:00:00',4,''),(500,'ISMIATI','MBOTO LOR','','aktif','0000-00-00 00:00:00',4,''),(502,'MARIA SOLEHA','TEKOL','','aktif','0000-00-00 00:00:00',4,''),(503,'AGUNG / DEPAN NURI','TEKOL','','aktif','0000-00-00 00:00:00',4,''),(504,'ANIK ','TEKOL','','aktif','0000-00-00 00:00:00',4,''),(505,'TATANG 2','TEKOL','','aktif','0000-00-00 00:00:00',4,''),(506,'MURTINI','TEKOL','','aktif','0000-00-00 00:00:00',4,''),(507,'NURIL','TEKOL','','aktif','0000-00-00 00:00:00',4,''),(508,'ADI','TEKOL','','aktif','0000-00-00 00:00:00',4,''),(509,'ASRI - EKO','TEKOL','','aktif','0000-00-00 00:00:00',4,''),(510,'BAKUL KRUPUK RJ','TEKOL','','aktif','0000-00-00 00:00:00',4,''),(511,'BASAR / TOKO LISTRIK','TEKOL','','aktif','0000-00-00 00:00:00',4,''),(512,'BERO','TEKOL','','aktif','0000-00-00 00:00:00',4,''),(513,'BIDAN TITIS','TEKOL','','aktif','0000-00-00 00:00:00',4,''),(514,'ELEN','TEKOL','','aktif','0000-00-00 00:00:00',4,''),(516,'BUDI / BATAKO','TEKOL','','aktif','0000-00-00 00:00:00',4,''),(517,'DANDI','TEKOL','','aktif','0000-00-00 00:00:00',4,''),(518,'FUAD TEKOL','TEKOL',' ','aktif','0000-00-00 00:00:00',4,''),(519,'GRIYA AULIA','TEKOL','','aktif','0000-00-00 00:00:00',4,''),(520,'HENDI / AGIL BAKSO','TEKOL','','aktif','0000-00-00 00:00:00',4,''),(521,'ISTIQOMAH','TEKOL','','aktif','0000-00-00 00:00:00',4,''),(522,'KABIB TOHARI','TEKOL','','aktif','0000-00-00 00:00:00',4,''),(523,'LAILA','TEKOL','','aktif','0000-00-00 00:00:00',4,''),(524,'LISA','TEKOL','','aktif','0000-00-00 00:00:00',4,''),(525,'MANSUR ','TEKOL','','aktif','0000-00-00 00:00:00',4,''),(526,'MARYONO PIJET','TEKOL','','aktif','0000-00-00 00:00:00',4,''),(527,'MAS HARUDIN - NOVITA','TEKOL','','aktif','0000-00-00 00:00:00',5,''),(528,'META','TEKOL','','aktif','0000-00-00 00:00:00',4,''),(529,'WAROH  TOKO + RUMAH','TEKOL','','aktif','0000-00-00 00:00:00',8,''),(530,'MUSRIPAH TOKO','TEKOL','','aktif','0000-00-00 00:00:00',4,''),(531,'NASRUN','TEKOL','','aktif','0000-00-00 00:00:00',4,''),(532,'NIA','TEKOL','','aktif','0000-00-00 00:00:00',4,''),(533,'PUPUT ETAN','TEKOL','','aktif','0000-00-00 00:00:00',4,''),(534,'MARNO / MBH LADIRAN','TEKOL','','aktif','0000-00-00 00:00:00',4,''),(535,'NURI TEKOL','TEKOL','  ','aktif','0000-00-00 00:00:00',4,''),(536,'P. RUDI','TEKOL','','aktif','0000-00-00 00:00:00',4,''),(537,'PARWOTO B. DWI','TEKOL','','aktif','0000-00-00 00:00:00',4,''),(538,'PURWOKO','TEKOL','','aktif','0000-00-00 00:00:00',4,''),(539,'FERAWINDA','TEKOL','','aktif','0000-00-00 00:00:00',4,''),(540,'MUYONO','TEKOL','','aktif','0000-00-00 00:00:00',4,''),(541,'NITA','TEKOL','','aktif','0000-00-00 00:00:00',4,''),(542,'RAGIL','TEKOL','','aktif','0000-00-00 00:00:00',4,''),(543,'RATNA / PONIDI','TEKOL','','aktif','0000-00-00 00:00:00',4,''),(544,'WIWIK / REZA','TEKOL','','aktif','0000-00-00 00:00:00',4,''),(545,'RINDA','TEKOL','','aktif','0000-00-00 00:00:00',4,''),(546,'RUKANI','TEKOL','','aktif','0000-00-00 00:00:00',4,''),(547,'SANTO','TEKOL','','aktif','0000-00-00 00:00:00',4,''),(548,'SD BABUSSALAM','TEKOL','','aktif','0000-00-00 00:00:00',6,''),(549,'SD MALASAN 3','TEKOL','','aktif','0000-00-00 00:00:00',4,''),(550,'WASI / WASITO','TEKOL','','aktif','0000-00-00 00:00:00',4,''),(551,'PANIDI','TEKOL','','aktif','0000-00-00 00:00:00',4,''),(552,'SRI','TEKOL','','aktif','0000-00-00 00:00:00',4,''),(553,'SULIS GRABAH','TEKOL','','aktif','0000-00-00 00:00:00',4,''),(554,'SUPAR','TEKOL','','aktif','0000-00-00 00:00:00',4,''),(555,'SUPRIHATIN POM TEKOL','TEKOL','','aktif','0000-00-00 00:00:00',4,''),(556,'SUPRIONO','TEKOL','','aktif','0000-00-00 00:00:00',4,''),(557,'SUTRIS','TEKOL','','aktif','0000-00-00 00:00:00',4,''),(558,'TARJI KARYATIN','TEKOL','','aktif','0000-00-00 00:00:00',4,''),(559,'TATANG PHD (RUMAH)','TEKOL','','aktif','0000-00-00 00:00:00',5,''),(560,'P. NUNG WARUNG','TEKOL','','aktif','0000-00-00 00:00:00',4,''),(561,'TOKO POJOK','TEKOL','','aktif','0000-00-00 00:00:00',4,''),(562,'JUMADI','TEKOL','','aktif','0000-00-00 00:00:00',4,''),(563,'TUMIRAN','TEKOL','','aktif','0000-00-00 00:00:00',4,''),(564,'ULFA','TEKOL','','aktif','0000-00-00 00:00:00',4,''),(565,'VICKY GABAH / SELIP','TEKOL','','aktif','0000-00-00 00:00:00',4,''),(566,'YATEMI','TEKOL','','aktif','0000-00-00 00:00:00',4,''),(567,'WIR','TEKOL','','aktif','0000-00-00 00:00:00',4,''),(568,'YANI MUDIN','TEKOL','','aktif','0000-00-00 00:00:00',4,''),(569,'YUDI WARUNG','TEKOL','','aktif','0000-00-00 00:00:00',4,''),(570,'ZIDAN','TEKOL','','aktif','0000-00-00 00:00:00',4,''),(571,'FADILA','TEKOL','','aktif','0000-00-00 00:00:00',4,''),(572,'DWI AGUSTINA','TEKOL','','aktif','0000-00-00 00:00:00',4,''),(573,'SUKARJI','TEKOL','','aktif','0000-00-00 00:00:00',4,''),(574,'WARYATIN','TEKOL','','aktif','0000-00-00 00:00:00',4,''),(575,'DIKA tekol','TEKOL','  ','aktif','0000-00-00 00:00:00',4,''),(576,'SISWOYO','TEKOL','','aktif','0000-00-00 00:00:00',4,''),(577,'MUNIR','TEKOL','','aktif','0000-00-00 00:00:00',4,''),(578,'ASTUTI','TEKOL','','aktif','0000-00-00 00:00:00',4,''),(579,'SUPRI','TEKOL','','aktif','0000-00-00 00:00:00',4,''),(580,'SANTI DEKOR','TEKOL','','aktif','0000-00-00 00:00:00',4,''),(581,'PUTUT','TEKOL','','aktif','0000-00-00 00:00:00',4,''),(582,'VICY GOLDEN FISH','TEKOL','','aktif','0000-00-00 00:00:00',4,''),(583,'YADJIT','TEKOL','','aktif','0000-00-00 00:00:00',4,''),(584,'SUMADI','TEKOL','','aktif','0000-00-00 00:00:00',4,''),(585,'SISWANTO','TEKOL','','aktif','0000-00-00 00:00:00',4,''),(586,'AFIP / ERLY','TEKOL','','aktif','0000-00-00 00:00:00',4,''),(587,'ANIS TEKOL','TEKOL',' ','aktif','0000-00-00 00:00:00',4,''),(588,'EKO NURWIYANTO','TEKOL','  ','aktif','0000-00-00 00:00:00',4,''),(589,'AYU WARUNG','TEKOL','','aktif','0000-00-00 00:00:00',4,''),(590,'SARNI','TEKOL','','aktif','0000-00-00 00:00:00',4,''),(591,'NOVA','TEKOL ','','aktif','0000-00-00 00:00:00',6,''),(592,'IMELDA','TEKOL ','','aktif','0000-00-00 00:00:00',4,''),(593,'SUNDARI','TEKOL ','','aktif','0000-00-00 00:00:00',4,''),(594,'BAMBANG','TEKOL ','','aktif','0000-00-00 00:00:00',4,''),(595,'PUGUH','TEKOL ETAN','','aktif','0000-00-00 00:00:00',4,''),(596,'TARNI BENGKEL','TEKOL ETAN','','aktif','0000-00-00 00:00:00',4,''),(597,'MIA','TEKOL ETAN','','aktif','0000-00-00 00:00:00',4,''),(598,'ENI MARTASARI','PANDEAN','   ','aktif','0000-00-00 00:00:00',4,''),(599,'HARI','TEKOL KULON','','aktif','0000-00-00 00:00:00',4,''),(600,'PARDI POLISI','TEKOL KULON','','aktif','0000-00-00 00:00:00',4,''),(601,'SUKAMTO','TEKOL KULON','','aktif','0000-00-00 00:00:00',4,''),(602,'ELIS','TEKOL KULON','','aktif','0000-00-00 00:00:00',4,''),(603,'ANDIK','KARANGANOM','','aktif','0000-00-00 00:00:00',4,''),(604,'DIAH','KARANGANOM','','aktif','0000-00-00 00:00:00',4,''),(605,'MINTO / BEBEK','KARANGANOM','','aktif','0000-00-00 00:00:00',4,''),(606,'NOVI','KARANGANOM','','aktif','0000-00-00 00:00:00',4,''),(607,'SDN 1 KARANGANOM','KARANGANOM','','aktif','0000-00-00 00:00:00',4,''),(608,'ZAKI CONTER','KARANGANOM','','aktif','0000-00-00 00:00:00',4,''),(610,'NETI','KARANGANOM','','aktif','0000-00-00 00:00:00',4,''),(611,'AFAN','KARANGANOM','','aktif','0000-00-00 00:00:00',4,''),(612,'ASEP RUDI','PANGGUNGSARI','','aktif','0000-00-00 00:00:00',4,''),(613,'AGUS PANGGUNGSARI','PANGGUNGSARI','   ','aktif','0000-00-00 00:00:00',7,''),(614,'DENTA','PANGGUNGSARI','','aktif','0000-00-00 00:00:00',4,''),(615,'BAMBANG POLISI','PANGGUNGSARI','','aktif','0000-00-00 00:00:00',4,''),(616,'BUDI ROTI ','PANGGUNGSARI','','aktif','0000-00-00 00:00:00',4,''),(617,'BUDI TOKO / ALAT LISTRIK','PANGGUNGSARI','','aktif','0000-00-00 00:00:00',8,''),(618,'BURHAN','PANGGUNGSARI','','aktif','0000-00-00 00:00:00',4,''),(619,'DEDI KIOS MKS','PANGGUNGSARI','','aktif','0000-00-00 00:00:00',5,''),(620,'DIKI','PANGGUNGSARI','','aktif','0000-00-00 00:00:00',4,''),(621,'EDI / FOTO','PANGGUNGSARI','','aktif','0000-00-00 00:00:00',4,''),(622,'ENI / SIWI','PANGGUNGSARI','','aktif','0000-00-00 00:00:00',4,''),(623,'GIRI','PANGGUNGSARI','','aktif','0000-00-00 00:00:00',4,''),(624,'GONO','PANGGUNGSARI','','aktif','0000-00-00 00:00:00',4,''),(627,'GORENGAN / FITRI - RUDI','PANGGUNGSARI','','aktif','0000-00-00 00:00:00',5,''),(628,'HARIYAH','PANGGUNGSARI','','aktif','0000-00-00 00:00:00',4,''),(629,'HARYONO POLISI IPAH','PANGGUNGSARI','','aktif','0000-00-00 00:00:00',4,''),(630,'IDA ','PANGGUNGSARI','','aktif','0000-00-00 00:00:00',4,''),(631,'IMEX','PANGGUNGSARI','','aktif','0000-00-00 00:00:00',5,''),(632,'ISI ULANG / ANDIK - LIA','PANGGUNGSARI','','aktif','0000-00-00 00:00:00',4,''),(633,'MARJI (ALM.) RINA','PANGGUNGSARI','','aktif','0000-00-00 00:00:00',4,''),(635,'BIDAN BIBIT','PANGGUNGSARI','','aktif','0000-00-00 00:00:00',4,''),(636,'P. GUN / ENI','PANGGUNGSARI','','aktif','0000-00-00 00:00:00',5,''),(637,'PAIDIN','PANGGUNGSARI','','aktif','0000-00-00 00:00:00',4,''),(638,'PUGUH','PANGGUNGSARI','','aktif','0000-00-00 00:00:00',4,''),(639,'RYAN YULIANWAN','PANGGUNGSARI','','aktif','0000-00-00 00:00:00',4,''),(640,'SAMSURI','PANGGUNGSARI','','aktif','0000-00-00 00:00:00',4,''),(641,'SHOLEH NITA','PANGGUNGSARI','','aktif','0000-00-00 00:00:00',4,''),(642,'SRI','PANGGUNGSARI','','aktif','0000-00-00 00:00:00',4,''),(643,'SUPRI  LAS','PANGGUNGSARI','','aktif','0000-00-00 00:00:00',8,''),(644,'ANDI PANGGUNGSARI','PANGGUNGSARI',' ','aktif','0000-00-00 00:00:00',4,''),(645,'TIK POLISI / BINTARI','PANGGUNGSARI','','aktif','0000-00-00 00:00:00',4,''),(646,'TRIS / IRUL','PANGGUNGSARI','','aktif','0000-00-00 00:00:00',8,''),(647,'TUKANG GRAJI / KANDAR','PANGGUNGSARI','','aktif','0000-00-00 00:00:00',4,''),(648,'WATI BIDAN ','PANGGUNGSARI','','aktif','0000-00-00 00:00:00',4,''),(649,'YASMAN','PANGGUNGSARI','','aktif','0000-00-00 00:00:00',4,''),(650,'YONA PRADANA','PANGGUNGSARI','','aktif','0000-00-00 00:00:00',4,''),(651,'JULIANTO TOKO','PANGGUNGSARI','','aktif','0000-00-00 00:00:00',4,''),(652,'YULIANTO','PANGGUNGSARI','','aktif','0000-00-00 00:00:00',4,''),(653,'SUKIRNO','PANGGUNGSARI','','aktif','0000-00-00 00:00:00',4,''),(654,'RIO','PANGGUNGSARI','','aktif','0000-00-00 00:00:00',4,''),(655,'ZULFA','PANGGUNGSARI','','aktif','0000-00-00 00:00:00',4,''),(656,'IWIK','PANGGUNGSARI','','aktif','0000-00-00 00:00:00',4,''),(657,'ANGGA','PANGGUNGSARI','','aktif','0000-00-00 00:00:00',4,''),(658,'  SUPARJI','PANGGUNGSARI','','aktif','0000-00-00 00:00:00',4,''),(659,'  PUJI UTAMI','PANGGUNGSARI','','aktif','0000-00-00 00:00:00',4,''),(660,'AGIL','PANDEAN','','aktif','0000-00-00 00:00:00',4,''),(661,'AJB BAN','PANDEAN','','aktif','0000-00-00 00:00:00',7,''),(662,'ANTO / ERI','PANDEAN','','aktif','0000-00-00 00:00:00',7,''),(663,'BIMA','PANDEAN','','aktif','0000-00-00 00:00:00',6,''),(664,'BUDIONO','PANDEAN','','aktif','0000-00-00 00:00:00',4,''),(665,'DIAN SUSANTI / SANTI','PANDEAN','','aktif','0000-00-00 00:00:00',4,''),(666,'DWIPAYATIN','PANDEAN','','aktif','0000-00-00 00:00:00',4,''),(667,'EKA BELAKANG POM','PANDEAN','','aktif','0000-00-00 00:00:00',4,''),(668,'HANI ','PANDEAN','','aktif','0000-00-00 00:00:00',4,''),(669,'HARDIONO','PANDEAN','','aktif','0000-00-00 00:00:00',4,''),(670,'HERI / ETIK','PANDEAN','','aktif','0000-00-00 00:00:00',4,''),(671,'JINAH WARUNG','PANDEAN','','aktif','0000-00-00 00:00:00',4,''),(672,'KASNO WARUNG','PANDEAN','','aktif','0000-00-00 00:00:00',4,''),(673,'KENUT/MABEL','PANDEAN','','aktif','0000-00-00 00:00:00',4,''),(674,'LIA / YOHANA ARMELIA','PANDEAN','','aktif','0000-00-00 00:00:00',4,''),(675,'LIS / IBUK ARIS','PANDEAN','','aktif','0000-00-00 00:00:00',4,''),(676,'LUKMAN ','PANDEAN','','aktif','0000-00-00 00:00:00',4,''),(677,'MTS MAHARDHIKA B.','PANDEAN','','aktif','0000-00-00 00:00:00',4,''),(678,'NARYO','PANDEAN','','aktif','0000-00-00 00:00:00',4,''),(679,'PENDIK','PANDEAN','','aktif','0000-00-00 00:00:00',4,''),(680,'PRAPTO','PANDEAN','','aktif','0000-00-00 00:00:00',4,''),(681,'RATNA  LOR MAKAM','PANDEAN','','aktif','0000-00-00 00:00:00',4,''),(682,'SOFYAN PANDEAN','PANDEAN',' ','aktif','0000-00-00 00:00:00',4,''),(683,'SUMILAH','PANDEAN','','aktif','0000-00-00 00:00:00',4,''),(685,'WARKOP BODONG','PANDEAN','','aktif','0000-00-00 00:00:00',4,''),(686,'TOKO BENANG','PANDEAN','','aktif','0000-00-00 00:00:00',4,''),(687,'TOKO BETON MJF','PANDEAN','','aktif','0000-00-00 00:00:00',4,''),(688,'TOKO KUWAT','PANDEAN','','aktif','0000-00-00 00:00:00',4,''),(689,'TOKO ULPA','PANDEAN','','aktif','0000-00-00 00:00:00',4,''),(690,'WAWAN  - LINA','PANDEAN','','aktif','0000-00-00 00:00:00',4,''),(691,'YITNO','PANDEAN','','aktif','0000-00-00 00:00:00',4,''),(692,'YONO','PANDEAN','','aktif','0000-00-00 00:00:00',4,''),(693,'YUNIKA','PANDEAN','','aktif','0000-00-00 00:00:00',4,''),(694,'ELKUSUMA NINGRUM','PAYAMAN','','aktif','0000-00-00 00:00:00',5,''),(695,'TUTI','PAYAMAN','','aktif','0000-00-00 00:00:00',4,''),(696,'PALAL ','PAYAMAN',' ','aktif','0000-00-00 00:00:00',9,''),(697,'RETNO BIDAN','PAYAMAN','','aktif','0000-00-00 00:00:00',4,''),(698,'SLAMET ','PAYAMAN','','aktif','0000-00-00 00:00:00',4,''),(699,'WATI  ','PAYAMAN','','aktif','0000-00-00 00:00:00',4,''),(700,'YUDI IMAM','PAYAMAN',' ','aktif','0000-00-00 00:00:00',9,''),(701,'KOKO','PAYAMAN','','aktif','0000-00-00 00:00:00',4,''),(702,'KAFA','TALOK','','aktif','0000-00-00 00:00:00',4,''),(703,'KANZA','TALOK','','aktif','0000-00-00 00:00:00',4,''),(704,'HARDANI UTARA MASJID','TALOK','','aktif','0000-00-00 00:00:00',4,''),(705,'SUTRISNO','TALOK','','aktif','0000-00-00 00:00:00',4,''),(706,'AGUS TALOK','TALOK','  ','aktif','0000-00-00 00:00:00',4,''),(707,'LUKMAN TALOK','TALOK',' ','aktif','0000-00-00 00:00:00',4,''),(708,'NOFENDI','TALOK','','aktif','0000-00-00 00:00:00',4,''),(709,'DEDY SUWANDI','TALOK','','aktif','0000-00-00 00:00:00',4,''),(710,'AHMAD','TALOK','','aktif','0000-00-00 00:00:00',4,''),(711,'GALUH','TALOK','','aktif','0000-00-00 00:00:00',4,''),(712,'IYON','TALOK','','aktif','0000-00-00 00:00:00',4,''),(714,'YUNI SULUR',' SULUR','  ','aktif','0000-00-00 00:00:00',4,''),(715,'NOVAN GALERI','BARUHARJO','','aktif','0000-00-00 00:00:00',4,''),(716,'MELA','BLARING','','aktif','0000-00-00 00:00:00',4,''),(717,'KARTI','BLARING','','aktif','0000-00-00 00:00:00',4,''),(718,'AGUS DURENAN','DURENAN',' ','aktif','0000-00-00 00:00:00',4,''),(719,'NENIN','DURENAN','','aktif','0000-00-00 00:00:00',4,''),(720,'HERMAWAN FAISAL - BASTIATUL','DURENAN','','aktif','0000-00-00 00:00:00',4,''),(721,'FERI GURU','DURENAN ETAN','  ','aktif','0000-00-00 00:00:00',4,''),(722,'KONCO BU SRIP / SLAMET','KAMULAN','','aktif','0000-00-00 00:00:00',4,''),(724,'DULUR SELIN / ADI','MBARAN','','aktif','0000-00-00 00:00:00',4,''),(725,'NANDA','MBARAN','','aktif','0000-00-00 00:00:00',4,''),(726,'DJILAH - SUKMA WAHYUNITA','MBARAN','','aktif','0000-00-00 00:00:00',4,''),(727,'HERMANTO - RESTI','MBLARING','','aktif','0000-00-00 00:00:00',4,''),(728,'KIDUL KITO / SUPRIH + LULUK','MBLARING','','aktif','0000-00-00 00:00:00',8,''),(729,'YUYUN BLARING','MBLARING','','aktif','0000-00-00 00:00:00',4,''),(730,'BAKSO ANTON','NGADIREJO','','aktif','0000-00-00 00:00:00',4,''),(731,'CATRINGG KASIH','NGADISOKO','','aktif','0000-00-00 00:00:00',4,''),(732,'MADI','NGADISOKO','','aktif','0000-00-00 00:00:00',4,''),(733,'BENI - WINDRA','NGADISUKO','','aktif','0000-00-00 00:00:00',4,''),(734,'SOLEH NGLENGEH','NGLENGEH',' ','aktif','0000-00-00 00:00:00',4,''),(735,' ENIS SALON','NGLENGEH','','aktif','0000-00-00 00:00:00',4,''),(736,'RATIH','NGLENGEH','','aktif','0000-00-00 00:00:00',4,''),(737,'IZZA','PAKIS','','aktif','0000-00-00 00:00:00',4,''),(738,'BINTI NURHIDAYAH','PECUK','','aktif','0000-00-00 00:00:00',4,''),(739,'JINOTO','PECUK','','aktif','0000-00-00 00:00:00',4,''),(740,'MARSUDI','PUCANGAN','','aktif','0000-00-00 00:00:00',5,''),(741,'ROHMAD NURSALIM','PUCANGAN','','aktif','0000-00-00 00:00:00',4,''),(742,'EDI - HERMIN','PUCANGAN','','aktif','0000-00-00 00:00:00',4,''),(743,'SURYANTI','SULUR','','aktif','0000-00-00 00:00:00',4,''),(744,'PARNI','SULUR','','aktif','0000-00-00 00:00:00',4,''),(745,'ANI','SUMBERGAYAM','','aktif','0000-00-00 00:00:00',4,''),(746,'BU DIYAH','SUMBERGAYAM','','aktif','0000-00-00 00:00:00',4,''),(747,'FERI TALUN','TALUN','  ','aktif','0000-00-00 00:00:00',4,''),(748,'SUPARTI ','TELAN','','aktif','0000-00-00 00:00:00',4,''),(749,'BANDRI','DURENAN','','aktif','0000-00-00 00:00:00',4,''),(1135,'PAK GIK','GEBANG','  ','aktif','2025-03-01 14:23:04',10,''),(1137,'EDI SANTOSO','COMPOK','  ','aktif','2025-03-01 14:25:06',11,''),(1138,'Maryadi 3','COMPOK','  ','aktif','2025-03-01 14:25:47',13,''),(1139,'Anam Sarbani','Nglandean',' ','aktif','2025-03-01 14:26:36',14,''),(1140,'Mukiyat','Mboto',' ','aktif','2025-03-01 14:27:05',15,''),(1141,'PHD Edupark','Tekol',' ','aktif','2025-03-01 14:27:50',16,''),(1142,'Dwi Siswanto Rumah Kertas','Tekol',' ','aktif','2025-03-01 14:28:31',14,''),(1143,'Dokter Murti','Panggung sari',' ','aktif','2025-03-01 14:29:30',15,''),(1144,'Mlenuk','Panggung sari ',' ','aktif','2025-03-01 14:29:47',15,''),(1145,'RATNA PANGGUNGSARI','PANGGUNGSARI',' ','aktif','2025-03-01 14:30:12',11,''),(1146,'Bengkel Pir','Pandean',' ','aktif','2025-03-01 14:30:47',18,''),(1147,'Bengkel Tunas Harapan ','Pandean',' ','aktif','2025-03-01 14:31:23',15,''),(1148,'Warkop noleng','Pandean',' ','aktif','2025-03-01 14:31:41',17,''),(1149,'WoWin Kecap','Pandean',' ','aktif','2025-03-01 14:32:08',15,''),(1150,'Imam','Payaman',' ','aktif','2025-03-01 14:33:09',9,''),(1151,'PAk Yoko','Durenan',' ','aktif','2025-03-01 14:36:30',19,''),(1152,'Kantor Desa Gebang','Gebang',' ','aktif','2025-03-01 14:36:52',16,''),(1153,'SUKARTI','NGLANDEAN ',' ','aktif','2025-03-01 15:05:56',4,''),(1154,'ABAS BASORI','NGLANDEAN ',' ','aktif','2025-03-01 15:06:16',4,''),(1155,'ANTO ASMIRAH','NGLANDEAN ',' ','aktif','2025-03-01 15:06:33',4,''),(1156,'MERITA','NGLANDEAN ',' ','aktif','2025-03-01 15:06:49',4,''),(1157,'BANGI KEMBANG','NGLANDEAN ',' ','aktif','2025-03-01 15:07:03',4,''),(1158,'CANDRA','NGLANDEAN ',' ','aktif','2025-03-01 15:07:23',4,''),(1159,'DWI KELAPA','NGLANDEAN ',' ','aktif','2025-03-01 15:07:44',4,''),(1160,'FUAD NGLANDEAN','NGLANDEAN ',' ','aktif','2025-03-01 15:08:02',4,''),(1162,'HERA KOLIK','NGLANDEAN ',' ','aktif','2025-03-01 15:10:22',10,''),(1164,'INUN','NGLANDEAN ',' ','aktif','2025-03-01 15:10:54',4,''),(1165,'JAKA MOTOR','NGLANDEAN ',' ','aktif','2025-03-01 15:11:11',4,''),(1166,'MANAP','NGLANDEAN ',' ','aktif','2025-03-01 15:11:28',4,''),(1167,'RINI ZAMJURI','NGLANDEAN ',' ','aktif','2025-03-01 15:11:51',4,''),(1168,'RYAN DEPAN SD 2','NGLANDEAN ',' ','aktif','2025-03-01 15:12:20',4,''),(1169,'SALON RIA','NGLANDEAN ',' ','aktif','2025-03-01 15:12:37',4,''),(1170,'PUGUH TITIS','NGLANDEAN ',' ','aktif','2025-03-01 15:12:53',5,''),(1171,'TOKO MERY','NGLANDEAN ',' ','aktif','2025-03-01 15:13:18',4,''),(1172,'SAMSUN','NGLANDEAN ',' ','aktif','2025-03-01 15:13:29',4,''),(1173,'SANUSI','NGLANDEAN ',' ','aktif','2025-03-01 15:13:40',4,''),(1174,'SUSAN','NGLANDEAN ',' ','aktif','2025-03-01 15:13:57',4,''),(1175,'UMI UMAYA','NGLANDEAN ',' ','aktif','2025-03-01 15:14:09',4,''),(1176,'WIN GURU SOY','NGLANDEAN ',' ','aktif','2025-03-01 15:15:00',7,''),(1177,'NASRU','NGLANDEAN ',' ','aktif','2025-03-01 15:15:14',4,''),(1178,'IMAM NGLANDEAN','NGLANDEAN ',' ','aktif','2025-03-01 15:15:29',4,''),(1179,'RONI DOSER','NGLANDEAN ',' ','aktif','2025-03-01 15:15:42',4,''),(1180,'SOFYAN NGLANDEAN ','NGLANDEAN ','  ','aktif','2025-03-01 15:15:55',4,''),(1182,'AZIS ROSOK','NGLANDEAN ',' ','aktif','2025-03-01 15:16:31',4,''),(1183,'SUMINI','NGLANDEAN ',' ','aktif','2025-03-01 15:16:46',4,''),(1184,'SOLEH NGLANDEAN ','NGLANDEAN ','   ','aktif','2025-03-01 15:16:57',4,''),(1185,'ZAENAl ABIDIN','NGLANDEAN ',' ','aktif','2025-03-01 15:17:20',4,''),(1186,'RANTO SIGIT','NGLANDEAN ',' ','aktif','2025-03-01 15:17:39',4,''),(1187,'PAK YON','NGLANDEAN ',' ','aktif','2025-03-01 15:18:02',4,''),(1188,'SUISTIYAH','NGLANDEAN ',' ','aktif','2025-03-01 15:18:24',4,''),(1189,'TUMAJIANTO','NGLANDEAN ',' ','aktif','2025-03-01 15:18:43',4,''),(1190,'YUDHA','NGLANDEAN ',' ','aktif','2025-03-01 15:18:57',4,''),(1191,'ANAS ','NGLANDEAN ',' ','aktif','2025-03-01 15:19:09',4,''),(1192,'PAK NURI','COMPOK',' ','aktif','2025-03-01 15:19:57',10,''),(1193,'FITRI MBARAN','MBARAN',' ','aktif','2025-03-02 12:07:05',4,''),(1201,'MIFTAH','MBARAN','  ','aktif','2025-03-02 16:17:55',10,''),(1202,'BAGIO SAKUR','PANDEAN','  ','aktif','2025-03-03 00:55:05',9,''),(1203,'ANTOK SAKUR','PANDEAN','  ','aktif','2025-03-03 00:55:32',9,''),(1204,'GOPAR SAKUR','PANDEAN','  ','aktif','2025-03-03 00:55:57',9,''),(1205,'DEFI SAKUR','PANDEAN','  ','aktif','2025-03-03 00:56:20',10,''),(1206,'TOPA 1 SAKUR','PANDEAN','  ','aktif','2025-03-03 00:56:44',9,''),(1207,'TOPA 2 SAKUR','PANDEAN','  ','aktif','2025-03-03 00:57:43',9,''),(1208,'ASRINI SAKUR','PANDEAN','  ','aktif','2025-03-03 00:58:27',9,''),(1209,'SULIS SAKUR','PANDEAN','  ','aktif','2025-03-03 00:58:58',9,''),(1210,'NURRR SAKUR','GEBANG','  ','aktif','2025-03-03 01:00:31',10,''),(1211,'SU SAKUR','GEBANG','  ','aktif','2025-03-03 01:00:49',9,''),(1212,'KICUK SAKUR','GEBANG','  ','aktif','2025-03-03 01:01:21',9,''),(1213,'KASNO SAKUR','GEBANG','  ','aktif','2025-03-03 01:01:37',9,''),(1214,'TOYIB SAKUR','GEBANG','  ','aktif','2025-03-03 01:02:00',9,''),(1215,'PUR SAKUR','GEBANG ','  ','aktif','2025-03-03 01:02:24',9,''),(1216,'SUM SAKUR','GEBANG','  ','aktif','2025-03-03 01:04:01',9,''),(1217,'SURIP SAKUR','GEBANG','  ','aktif','2025-03-03 01:04:22',9,''),(1218,'WARAS SAKUR','GEBANG','  ','aktif','2025-03-03 01:04:48',9,''),(1219,'WARAS SAKUR','GEBANG','  ','aktif','2025-03-03 01:04:55',9,''),(1220,'SISKA SAKUR','GEBANG','  ','aktif','2025-03-03 01:05:20',9,''),(1221,'YAH SAKUR','GEBANG','  ','aktif','2025-03-03 01:07:06',9,''),(1222,'AGUS SAKUR','GEBANG','  ','aktif','2025-03-03 01:07:31',8,''),(1223,'PAVING JITU SAKUR','GEBANG','  ','aktif','2025-03-03 01:09:07',20,''),(1224,'BUDI SAKUR','GEBANG','  ','aktif','2025-03-03 01:09:37',21,''),(1225,'LINDA ANDROS','TEKOL','    ','aktif','2025-03-03 01:18:53',9,''),(1226,'SUGENG ANDROS','TEKOL','   ','aktif','2025-03-03 01:19:14',9,''),(1227,'ANDI ANDROS','TEKOL','    ','aktif','2025-03-03 01:19:37',9,''),(1228,'WARIMUN ANDROS','TEKOL','    ','aktif','2025-03-03 01:20:00',9,''),(1229,'MIA ANDROS','TEKOL','     ','aktif','2025-03-03 01:20:16',9,''),(1230,'EDI TOKO ANDROS','TEKOL','     ','aktif','2025-03-03 01:20:46',9,''),(1231,'ELMA ANDROS','TEKOL','  ','aktif','2025-03-03 01:21:05',9,''),(1232,'MARNO PERMAK ANDROS','TEKOL','  ','aktif','2025-03-03 01:21:28',9,''),(1233,'NURUL ANDROS','TEKOL','  ','aktif','2025-03-03 01:22:06',9,''),(1235,'SUTAR ANDROS','TEKOL','   ','aktif','2025-03-03 01:22:41',9,''),(1236,'AZIZ ANDROS','TEKOL','  ','aktif','2025-03-03 01:23:18',9,''),(1237,'KISRI ANDROS','TEKOL','  ','aktif','2025-03-03 01:23:35',9,''),(1238,'YUNI ANDROS','TEKOL','  ','aktif','2025-03-03 01:23:55',9,''),(1240,'AGUSS ANDROS','TEKOL','  ','aktif','2025-03-03 01:27:03',9,''),(1241,'BASRINI ANDROS','TEKOL','  ','aktif','2025-03-03 01:27:22',9,''),(1242,'ENGGAR ANDROS','TEKOL','  ','aktif','2025-03-03 01:27:45',9,''),(1243,'SIGIT ANDROS','TEKOL','  ','aktif','2025-03-03 01:28:12',9,''),(1244,'NUROHMAH ANDROS','TEKOL','  ','aktif','2025-03-03 01:28:52',9,''),(1245,'RINTO ANDROS','TEKOL','  ','aktif','2025-03-03 01:29:11',9,''),(1246,'ANI ANDROS','TEKOL','  ','aktif','2025-03-03 01:29:25',9,''),(1247,'IWAN ANDROS','TEKOL','  ','aktif','2025-03-03 01:29:46',9,''),(1248,'YURIS ANDROS','TEKOL','  ','aktif','2025-03-03 01:30:06',9,''),(1249,'WIDYA ANDROS','TEKOL','  ','aktif','2025-03-03 01:30:36',9,''),(1250,'JATMIKO ANDROS','TEKOL','  ','aktif','2025-03-03 01:30:55',9,''),(1251,'YULIANI ANDROS','TEKOL','  ','aktif','2025-03-03 01:31:18',9,''),(1252,'GIMIN ANDROS','TEKOL','  ','aktif','2025-03-03 01:31:36',9,''),(1253,'NYAK ANDROS','TEKOL','  ','aktif','2025-03-03 01:32:03',9,''),(1254,'MARDI ANDROS','TEKOL','  ','aktif','2025-03-03 01:32:34',9,''),(1255,'AJIANTO ANDROS','TEKOL','  ','aktif','2025-03-03 01:32:53',9,''),(1256,'SUTARMI ANDROS','TEKOL','  ','aktif','2025-03-03 01:33:08',9,''),(1257,'DARNI ANDROS','TEKOL','  ','aktif','2025-03-03 01:33:37',9,''),(1258,'SRI HARTATIK ANDROS','TEKOL','  ','aktif','2025-03-03 01:34:02',9,''),(1259,'TEGUH ANDROS','TEKOL','  ','aktif','2025-03-03 01:34:24',9,''),(1260,'SITI YULIKAH ANDROS','TEKOL','  ','aktif','2025-03-03 01:34:46',9,''),(1261,'SELIP WATU ANDROS','TEKOL','  ','aktif','2025-03-03 01:35:06',9,''),(1262,'MAK YAH ANDROS','TEKOL','  ','aktif','2025-03-03 01:35:24',9,''),(1263,'YOBI ANDROS','TEKOL','  ','aktif','2025-03-03 01:35:55',9,''),(1264,'LUTFI ANDROS','TEKOL','  ','aktif','2025-03-03 01:36:15',9,''),(1265,'DUL AGRI','BANGUNMULYO','  ','aktif','2025-03-03 15:33:05',9,''),(1266,'KASUN ZAKI AGRI','BANGUNMULYO','  ','aktif','2025-03-03 15:33:27',9,''),(1267,'GURITNO AGRI','BANGUNMULYO','  ','aktif','2025-03-03 15:33:47',9,''),(1268,'SARIWUK AGRI','BANGUNMULYO','  ','aktif','2025-03-03 15:34:05',11,''),(1269,'INDRO AGRI','BANGUNMULYO','  ','aktif','2025-03-03 15:34:49',11,''),(1270,'HERU AGRI','BANGUNMULYO','  ','aktif','2025-03-03 15:35:11',10,''),(1271,'NARTO AGRI','BANGUNMULYO','  ','aktif','2025-03-03 15:35:32',9,''),(1272,'YESI AGRI','BANGUNMULYO','  ','aktif','2025-03-03 15:35:49',9,''),(1273,'NASA AGRI','BANGUNMULYO','  ','aktif','2025-03-03 15:36:06',9,''),(1274,'CALISTA AGRI','BANGUNMULYO','  ','aktif','2025-03-03 15:36:22',9,''),(1275,'GURUH AGRI','BANGUNMULYO','  ','aktif','2025-03-03 15:36:39',9,''),(1276,'ANGSEL AGRI','BANGUNMULYO','  ','aktif','2025-03-03 15:36:56',9,''),(1277,'BANDI AGRI','BANGUNMULYO','  ','aktif','2025-03-03 15:37:13',9,''),(1278,'NAPIK AGRI','BANGUNMULYO','  ','aktif','2025-03-03 15:37:31',9,''),(1279,'YOBI AGRI','BANGUNMULYO','  ','aktif','2025-03-03 15:37:59',9,''),(1280,'INTAN AGRI','BANGUNMULYO','  ','aktif','2025-03-03 15:38:14',9,''),(1281,'SOMAT AGRI','BANGUNMULYO','  ','aktif','2025-03-03 15:39:41',9,''),(1282,'KIWIN AGRI','BANGUNMULYO','  ','aktif','2025-03-03 15:39:55',9,''),(1283,'GALIH AGRI','BANGUNMULYO','  ','aktif','2025-03-03 15:40:12',11,''),(1284,'PIPIN AGRI','BANGUNMULYO','  ','aktif','2025-03-03 15:40:38',9,''),(1285,'EKO RUJAK AGRI','BANGUNMULYO','  ','aktif','2025-03-03 15:40:59',11,''),(1286,'SUPAR AGRI','BANGUNMULYO','  ','aktif','2025-03-03 15:41:21',9,''),(1287,'DIKI AGRI','BANGUNMULYO','  ','aktif','2025-03-03 15:41:34',9,''),(1288,'ROHMAN AGRI','BANGUNMULYO','  ','aktif','2025-03-03 15:41:51',9,''),(1289,'GAJO AGRI','BANGUNMULYO','  ','aktif','2025-03-03 15:42:06',9,''),(1290,'RIRIN AGRI','BANGUNMULYO','  ','aktif','2025-03-03 15:42:22',9,''),(1291,'DAVA AGRI','BANGUNMULYO','  ','aktif','2025-03-03 15:42:44',9,''),(1292,'PAK YAK AGRI','BANGUNMULYO','  ','aktif','2025-03-03 15:43:01',9,''),(1293,'DOPLANG AGRI','BANGUNMULYO','  ','aktif','2025-03-03 15:43:23',9,''),(1294,'BULIK DOPLANG AGRI','BANGUNMULYO','  ','aktif','2025-03-03 15:43:47',9,''),(1295,'DOPLANG 2 AGRI','BANGUNMULYO','  ','aktif','2025-03-03 15:44:08',9,''),(1296,'SAHRINI AGRI','BANGUNMULYO','  ','aktif','2025-03-03 15:44:30',9,''),(1297,'LINA AGRI','BANGUNMULYO','  ','aktif','2025-03-03 15:45:12',22,''),(1298,'JADI','PECUK','  ','aktif','2025-03-04 04:45:43',11,''),(1299,'PUTRI KOLIK','PANGGUNGSARI','  ','aktif','2025-03-04 04:57:21',10,''),(1300,'RICO KOLIK','PANGGUNGSARI','  ','aktif','2025-03-04 04:57:43',10,''),(1301,'INDRI KOLIK','PANDEAN','  ','aktif','2025-03-04 04:58:11',10,''),(1302,'PINI KOLIK','PANGGUNGSARI','  ','aktif','2025-03-04 04:58:58',10,''),(1303,'KASIBUN KOLIK','PANGGUNGSARI','  ','aktif','2025-03-04 04:59:15',10,''),(1304,'KARSONO SAKUR','GEBANG','  ','aktif','2025-03-04 05:16:51',9,''),(1305,'SLAMET PANDI','CEPEK','  ','aktif','2025-03-05 01:11:35',9,''),(1307,'USUP PANDI','CEPEK','  ','aktif','2025-03-05 01:12:14',9,''),(1308,'SUYONO PANDI','CEPEK','  ','aktif','2025-03-05 01:12:31',9,''),(1309,'WIJI NANO PANDI','CEPEK','  ','aktif','2025-03-05 01:12:53',11,''),(1310,'ERIKA PANDI','CEPEK','  ','aktif','2025-03-05 01:13:09',9,''),(1311,'RINA PANDI','CEPEK','  ','aktif','2025-03-05 01:13:25',9,''),(1312,'SUMI PANDI','CEPEK','  ','aktif','2025-03-05 01:13:47',9,''),(1313,'RUPIN PANDI','CEPEK','  ','aktif','2025-03-05 01:14:05',9,''),(1314,'SULAM PANDAI','CEPEK','  ','aktif','2025-03-05 01:15:21',9,''),(1315,'BAHRUR PANDI','CEPEK','  ','aktif','2025-03-05 01:16:02',9,''),(1316,'JUMALI PANDI','CEPEK','  ','aktif','2025-03-05 01:16:24',9,''),(1317,'IKA PANDI 1','CEPEK','  ','aktif','2025-03-05 01:16:56',9,''),(1318,'HEPI PANDI','CEPEK','  ','aktif','2025-03-05 01:17:20',9,''),(1319,'KOIR PANDI','CEPEK','  ','aktif','2025-03-05 01:17:35',9,''),(1320,'FAIZAL PANDI','CEPEK','  ','aktif','2025-03-05 01:17:56',9,''),(1321,'ROIS PANDI','CEPEK','  ','aktif','2025-03-05 01:18:09',9,''),(1322,'SIH PANDI','CEPEK','  ','aktif','2025-03-05 01:18:27',9,''),(1323,'IWAN PANDI','CEPEK','  ','aktif','2025-03-05 01:18:52',11,''),(1324,'ENDRA PANDI','CEPEK','  ','aktif','2025-03-05 01:19:17',9,''),(1325,'RIRIN PANDI ','CEPEK','  ','aktif','2025-03-05 01:19:36',9,''),(1326,'NUNUNG PANDI','CEPEK','  ','aktif','2025-03-05 01:19:54',9,''),(1327,'ANTO PANDI','CEPEK','  ','aktif','2025-03-05 01:20:13',9,''),(1328,'IRBAN WA PANDI','CEPEK','  ','aktif','2025-03-05 01:20:34',9,''),(1329,'IRBAN TEKOL PANDI','CEPEK','  ','aktif','2025-03-05 01:20:48',9,''),(1330,'ATIK PANDI','CEPEK','  ','aktif','2025-03-05 01:21:03',9,''),(1331,'RIZA PANDI','CEPEK','  ','aktif','2025-03-05 01:21:20',9,''),(1332,'YOGA PANDI','CEPEK','  ','aktif','2025-03-05 01:21:44',9,''),(1333,'SAGUH PANDI','CEPEK','  ','aktif','2025-03-05 01:22:00',9,''),(1334,'BUD KAYU PANDI','CEPEK','  ','aktif','2025-03-05 01:23:28',9,''),(1335,'BUD KAYU PANDI','CEPEK','  ','aktif','2025-03-05 01:23:47',9,''),(1336,'BAGAS PANDI','CEPEK','  ','aktif','2025-03-05 01:24:04',9,''),(1337,'ELSA PANDI','CEPEK','  ','aktif','2025-03-05 01:24:20',9,''),(1338,'PENI PANDI','CEPEK','  ','aktif','2025-03-05 01:24:41',9,''),(1339,'LAN PANDI','CEPEK','  ','aktif','2025-03-05 01:24:56',9,''),(1340,'ROHMAT PANDI','CEPEK','  ','aktif','2025-03-05 01:25:18',9,''),(1341,'NURHARI PANDI','CEPEK','  ','aktif','2025-03-05 01:25:38',9,''),(1342,'ERNA PANDI','CEPEK','  ','aktif','2025-03-05 01:25:54',9,''),(1343,'SITI PANDI','CEPEK','  ','aktif','2025-03-05 01:26:09',9,''),(1344,'KOLIL PANDI','CEPEK','  ','aktif','2025-03-05 01:26:50',9,''),(1345,'SUKAR PANDI','CEPEK','  ','aktif','2025-03-05 01:27:44',9,''),(1346,'FERI PANDI','CEPEK','  ','aktif','2025-03-05 01:28:00',9,''),(1347,'HERI PANDI','CEPEK','  ','aktif','2025-03-05 01:28:18',9,''),(1348,'DIDIK PANDI','CEPEK','  ','aktif','2025-03-05 01:29:26',9,''),(1349,'ELYA KESA','COMPOK',' ','aktif','2025-03-05 14:59:07',4,''),(1350,'RINDRA ','SAMBENG',' ','aktif','2025-03-05 15:35:27',4,''),(1351,'SAHRA MALASAN','MALASAN',' ','aktif','2025-03-06 16:43:41',4,''),(1352,'IMRON HAR YONO','MALASAN',' ','aktif','2025-03-06 18:44:06',4,''),(1353,'NOVA KIDUL','MALASAN KIDUL','  ','aktif','2025-03-07 00:34:31',4,''),(1354,'MUNTINGAH YOKO','TEKOL','  ','aktif','2025-03-07 01:20:15',9,''),(1355,'MUYATIN YOKO','TEKOL','  ','aktif','2025-03-07 01:20:35',9,''),(1356,'INDIARTO YOKO','TEKOL','  ','aktif','2025-03-07 01:20:53',9,''),(1358,'NINIK NILAWATIYOKO','TEKOL','  ','aktif','2025-03-07 01:21:43',9,''),(1359,'YOKO YOKO','TEKOL','  ','aktif','2025-03-07 01:22:07',9,''),(1360,'YATINEM YOKO','TEKOL','  ','aktif','2025-03-07 01:22:33',9,''),(1361,'MARYAJI YOKO','TEKOL','  ','aktif','2025-03-07 01:22:56',9,''),(1362,'AGUS YOKO','TEKOL','  ','aktif','2025-03-07 01:23:12',9,''),(1363,'SEPTI KURNIAWATI YOKO','TEKOL','  ','aktif','2025-03-07 01:23:43',9,''),(1364,'indarwati yoko','TEKOL','  ','aktif','2025-03-07 01:30:28',9,''),(1365,'SRINGATUN YOKO','TEKOL','  ','aktif','2025-03-07 01:31:07',9,''),(1366,'ANIK YOKO','TEKOL','  ','aktif','2025-03-07 01:31:47',9,''),(1367,'BONDAN YOKO','TEKOL','  ','aktif','2025-03-07 01:32:08',9,''),(1368,'SRI WARUNG YOKO','TEKOL','  ','aktif','2025-03-07 01:32:42',9,''),(1369,'MARI YOKO','TEKOL','  ','aktif','2025-03-07 01:33:02',9,''),(1370,'EKO YOKO','TEKOL','  ','aktif','2025-03-07 01:33:27',9,''),(1371,'NUR BANGUNJAYA','BANGUNJAYA','  ','aktif','2025-03-07 01:46:22',24,''),(1372,'FARIDA NGLANDEAN','NGLANDEAN',' ','aktif','2025-03-07 11:51:40',4,''),(1373,'BENI RESELLER','DURENAN',' ','aktif','2025-03-07 12:14:29',25,''),(1374,'KUSWATUN','NGLANDEAN',' ','aktif','2025-03-07 13:37:43',4,''),(1375,'RISKI CEPEK','CEPEK',' ','aktif','2025-03-07 13:42:58',4,''),(1376,'DIMAS GEMPOLAN','GEMPOLAN','  ','aktif','2025-03-10 11:41:53',4,''),(1377,'DONII MBOTO LOR','MBOTO LOR','  ','aktif','2025-03-10 11:42:21',4,''),(1378,'ROIS','MALASAN',' ','aktif','2025-03-10 12:27:39',4,''),(1379,'DIMAS RYAN PRANATA','KARANGANOM',' ','aktif','2025-03-10 12:28:46',4,''),(1380,'KARJINOTO','MBOTO LOR','  ','aktif','2025-03-16 04:09:17',4,''),(1381,'AG STORE','TEKOL','  ','aktif','2025-03-16 04:09:35',4,''),(1383,'AGUS PETRUK','SULUR','  ','aktif','2025-03-16 11:14:14',10,''),(1386,'JOGLO DURENAN','DURENAN','  ','aktif','2025-03-17 14:46:18',12,''),(1387,'SAIFUDIN','PANGGUNGSARI',' ','aktif','2025-03-18 10:58:12',12,''),(1388,'HENRI DHARMA','PANGGUNG SARI',' ','aktif','2025-03-18 12:16:12',4,''),(1389,'YOBI GEMPOLAN','GEMPOLAN','  ','aktif','2025-03-24 21:06:12',26,''),(1391,'JUMIRAN','COMPOK',' ','aktif','2025-03-25 15:42:31',4,''),(1392,'MURTINI BAKUL GETUK','BANGUN JAYA','   ','aktif','2025-03-27 15:00:29',10,''),(1393,'YOYOK RESELLER','TEKOL',' ','aktif','2025-03-30 10:14:21',27,''),(1394,'YASIN TEKOL','TEKOL','   ','aktif','2025-04-05 01:01:22',4,''),(1395,'NASA','BLARING\r\n',' ','aktif','2025-04-05 01:01:41',4,''),(1396,'YANI TEKOL','TEKOL','  ','aktif','2025-04-05 01:02:12',4,''),(1397,'SLAMET MANTRI HEWAN','MALASAN','  ','aktif','2025-04-05 01:02:46',4,''),(1398,'FATKUR','CEPEK',' ','aktif','2025-04-11 12:51:54',4,''),(1399,'MULYADI','CEPEK',' ','aktif','2025-04-11 12:57:19',4,''),(1400,'ELA','MALASAN',' ','aktif','2025-04-11 13:49:54',4,''),(1401,'SONGEB','NGLANDEAN\r\n',' ','aktif','2025-04-11 14:20:13',4,''),(1402,'UKIN','CEPEK',' ','aktif','2025-04-15 06:41:50',4,''),(1403,'KAMAL','MBOTO',' ','aktif','2025-04-15 06:43:11',4,''),(1404,'SDN 2 DURENAN','DURENAN',' ','aktif','2025-04-20 13:14:53',12,''),(1405,'RAKA','TEKOL','  ','aktif','2025-04-21 16:55:50',4,''),(1406,'AHMAD WARUNG','TALOK',' ','aktif','2025-04-22 14:41:19',4,''),(1407,'IKA PANDI 2','CEPEK',' ','aktif','2025-04-30 10:37:18',9,''),(1408,'ANIS MBARAN','MBARAN',' ','aktif','2025-05-04 03:58:03',4,''),(1409,'BIDIN NGLANDEAN','NGLANDEAN',' ','aktif','2025-05-06 13:51:53',4,''),(1411,'ERVIN','COMPOK','  ','aktif','2025-05-06 13:53:01',4,''),(1412,'AGUS MBOTO','MBOTO',' ','aktif','2025-05-06 13:53:29',4,''),(1414,'KAFE PANJUL','PANDEAN',' ','aktif','2025-05-06 13:54:36',5,''),(1415,'AJENG NGLANDEAN','NGLANDEAN',' ','aktif','2025-05-06 13:55:02',4,''),(1416,'JARNO KOLIK','PUCANGAN',' ','aktif','2025-05-06 13:57:07',10,''),(1417,'YUNI NGLANDEAN','NGLANDEAN',' ','aktif','2025-05-06 13:57:45',4,''),(1419,'RINI KATEMAN','MALASAN',' ','aktif','2025-05-06 14:12:23',4,''),(1422,'HARIS KARNI KOLIK','PANGGUNGSARI','  ','aktif','2025-05-07 00:27:41',9,''),(1424,'AGUS MBOTO','MBOTO','  ','aktif','2025-05-07 00:29:33',4,''),(1427,'OBLANG pandi','NGOMPAK','  ','aktif','2025-05-07 00:33:06',9,''),(1429,'WARUNG GEBANG SAKUR','GEBANG',' ','aktif','2025-05-07 00:33:45',9,''),(1430,'HARTATIK PANDI','CEPEK',' ','aktif','2025-05-07 00:35:01',9,''),(1431,'ENDANG ASTUTI','TEKOL',' ','aktif','2025-05-22 11:28:27',4,''),(1432,'JURI DALANG','TEKOL ',' ','aktif','2025-05-22 11:30:14',4,''),(1433,'HARTATIK PANDI','CEPEK','  ','aktif','2025-05-31 13:21:56',9,''),(1434,'ITA MALASAN KIDUL','MALASAN KIDUL','  ','aktif','2025-06-11 18:43:05',4,''),(1435,'BARNO','NGLANDEAN','  ','aktif','2025-06-11 18:43:28',4,''),(1436,'PAK NUR IPAN','MALASAN KULON','  ','aktif','2025-06-11 18:44:02',4,''),(1437,'HARI SAKUR','GEBANG','  ','aktif','2025-06-11 18:44:30',9,''),(1438,'MOHAMAD','NGLANDEAN',' ','aktif','2025-06-13 16:51:23',4,''),(1439,'ATIM','SAMBENG',' ','aktif','2025-06-22 15:48:40',4,''),(1440,'KHOIRUNISA','MBOTO LOR',' ','aktif','2025-06-22 15:49:27',4,''),(1441,'ARUM ANDROS','TEKOL',' ','aktif','2025-06-22 15:54:24',9,''),(1442,'DESTA PHONE','PANDEAN',' ','aktif','2025-06-22 15:56:26',4,'');
/*!40000 ALTER TABLE `pelanggan` ENABLE KEYS */;
UNLOCK TABLES;

--
-- Table structure for table `pembayaran`
--

DROP TABLE IF EXISTS `pembayaran`;
/*!40101 SET @saved_cs_client     = @@character_set_client */;
/*!50503 SET character_set_client = utf8mb4 */;
CREATE TABLE `pembayaran` (
  `id` int NOT NULL AUTO_INCREMENT,
  `tagihan_id` int NOT NULL,
  `pelanggan_id` int NOT NULL,
  `petugas_id` int DEFAULT NULL,
  `jumlah` decimal(10,2) NOT NULL,
  `metode_pembayaran` enum('tunai','transfer','QRIS','Lainnya') COLLATE utf8mb4_general_ci NOT NULL,
  `tanggal_pembayaran` timestamp NOT NULL DEFAULT CURRENT_TIMESTAMP,
  PRIMARY KEY (`id`),
  KEY `tagihan_id` (`tagihan_id`),
  KEY `pelanggan_id` (`pelanggan_id`),
  KEY `petugas_id` (`petugas_id`),
  CONSTRAINT `pembayaran_ibfk_1` FOREIGN KEY (`tagihan_id`) REFERENCES `tagihan` (`id`) ON DELETE CASCADE,
  CONSTRAINT `pembayaran_ibfk_2` FOREIGN KEY (`pelanggan_id`) REFERENCES `pelanggan` (`id`) ON DELETE CASCADE,
  CONSTRAINT `pembayaran_ibfk_3` FOREIGN KEY (`petugas_id`) REFERENCES `users` (`id`) ON DELETE SET NULL
) ENGINE=InnoDB AUTO_INCREMENT=3603 DEFAULT CHARSET=utf8mb4 COLLATE=utf8mb4_general_ci;
/*!40101 SET character_set_client = @saved_cs_client */;

--
-- Dumping data for table `pembayaran`
--

LOCK TABLES `pembayaran` WRITE;
/*!40000 ALTER TABLE `pembayaran` DISABLE KEYS */;
INSERT INTO `pembayaran` VALUES (3532,4959,370,14,165000.00,'transfer','2025-06-01 00:00:00'),(3533,4746,612,14,120000.00,'transfer','2025-06-01 00:00:00'),(3534,4645,504,14,120000.00,'transfer','2025-06-01 00:00:00'),(3535,4685,547,14,120000.00,'transfer','2025-06-01 00:00:00'),(3536,4941,152,14,150000.00,'transfer','2025-06-01 00:00:00'),(3537,4532,384,14,120000.00,'transfer','2025-06-02 00:00:00'),(3538,4965,239,14,170000.00,'transfer','2025-06-02 00:00:00'),(3539,4624,480,14,120000.00,'transfer','2025-06-01 00:00:00'),(3540,4286,117,14,120000.00,'transfer','2025-06-03 00:00:00'),(3541,4862,1153,14,120000.00,'transfer','2025-06-03 00:00:00'),(3542,5181,211,14,120000.00,'transfer','2025-06-04 00:00:00'),(3543,4307,140,14,120000.00,'transfer','2025-06-04 00:00:00'),(3544,5161,1138,14,360000.00,'transfer','2025-06-05 00:00:00'),(3545,4285,116,14,120000.00,'transfer','2025-06-05 00:00:00'),(3546,4881,1177,14,120000.00,'transfer','2025-06-05 00:00:00'),(3547,4623,479,14,120000.00,'transfer','2025-06-05 00:00:00'),(3548,4897,1350,14,120000.00,'transfer','2025-06-05 00:00:00'),(3549,4592,448,14,120000.00,'tunai','2025-06-05 00:00:00'),(3550,4501,350,14,120000.00,'tunai','2025-06-05 00:00:00'),(3551,4514,363,14,120000.00,'tunai','2025-06-05 00:00:00'),(3552,4608,464,14,120000.00,'tunai','2025-06-05 00:00:00'),(3553,4610,466,14,120000.00,'tunai','2025-06-05 00:00:00'),(3554,4504,353,14,120000.00,'tunai','2025-06-05 00:00:00'),(3555,4500,349,14,120000.00,'tunai','2025-06-05 00:00:00'),(3556,4533,385,14,120000.00,'tunai','2025-06-05 00:00:00'),(3557,4430,275,14,120000.00,'tunai','2025-06-05 00:00:00'),(3558,4920,1402,14,120000.00,'tunai','2025-06-05 00:00:00'),(3559,4602,458,14,120000.00,'tunai','2025-06-05 00:00:00'),(3560,4554,408,14,120000.00,'tunai','2025-06-05 00:00:00'),(3561,4587,443,14,120000.00,'tunai','2025-06-05 00:00:00'),(3562,4571,426,14,120000.00,'tunai','2025-06-05 00:00:00'),(3563,4584,440,14,120000.00,'tunai','2025-06-05 00:00:00'),(3564,4575,431,14,120000.00,'tunai','2025-06-05 00:00:00'),(3565,4552,405,14,120000.00,'tunai','2025-06-05 00:00:00'),(3566,4967,420,14,170000.00,'tunai','2025-06-05 00:00:00'),(3567,4590,446,14,120000.00,'tunai','2025-06-05 00:00:00'),(3568,4899,1352,14,120000.00,'tunai','2025-06-05 00:00:00'),(3569,4613,469,14,120000.00,'tunai','2025-06-05 00:00:00'),(3570,4534,386,14,120000.00,'tunai','2025-06-05 00:00:00'),(3571,4517,367,14,120000.00,'tunai','2025-06-05 00:00:00'),(3572,5149,1137,14,140000.00,'tunai','2025-06-05 00:00:00'),(3573,4563,417,14,120000.00,'tunai','2025-06-05 00:00:00'),(3574,4614,470,14,120000.00,'tunai','2025-06-05 00:00:00'),(3575,4577,433,14,120000.00,'tunai','2025-06-05 00:00:00'),(3576,4524,376,14,120000.00,'tunai','2025-06-05 00:00:00'),(3577,4515,364,14,120000.00,'tunai','2025-06-05 00:00:00'),(3578,4567,422,14,120000.00,'tunai','2025-06-05 00:00:00'),(3579,4597,453,14,120000.00,'tunai','2025-06-05 00:00:00'),(3580,4309,142,14,120000.00,'tunai','2025-06-05 00:00:00'),(3581,4586,442,14,120000.00,'tunai','2025-06-05 00:00:00'),(3582,4540,392,14,120000.00,'tunai','2025-06-05 00:00:00'),(3583,4945,481,14,150000.00,'tunai','2025-06-05 00:00:00'),(3584,4506,355,14,120000.00,'tunai','2025-06-05 00:00:00'),(3585,4564,418,14,120000.00,'tunai','2025-06-05 00:00:00'),(3586,4594,450,14,120000.00,'tunai','2025-06-05 00:00:00'),(3587,4574,429,14,120000.00,'tunai','2025-06-05 00:00:00'),(3588,4566,421,14,120000.00,'tunai','2025-06-05 00:00:00'),(3589,4550,403,14,120000.00,'tunai','2025-06-05 00:00:00'),(3590,4915,1397,14,120000.00,'tunai','2025-06-05 00:00:00'),(3591,4523,375,14,120000.00,'tunai','2025-06-05 00:00:00'),(3592,4617,473,14,120000.00,'tunai','2025-06-05 00:00:00'),(3593,4518,368,14,120000.00,'tunai','2025-06-05 00:00:00'),(3594,4875,1169,14,120000.00,'tunai','2025-06-04 00:00:00'),(3595,4519,369,14,120000.00,'tunai','2025-06-05 00:00:00'),(3596,4919,1401,14,120000.00,'tunai','2025-06-05 00:00:00'),(3597,4877,1172,14,120000.00,'tunai','2025-06-05 00:00:00'),(3598,4868,1159,14,120000.00,'tunai','2025-06-05 00:00:00'),(3599,4885,1182,14,120000.00,'tunai','2025-06-05 00:00:00'),(3600,4892,1189,14,120000.00,'tunai','2025-06-05 00:00:00'),(3601,4925,1409,14,120000.00,'tunai','2025-06-05 00:00:00'),(3602,4880,1175,14,120000.00,'tunai','2025-06-05 00:00:00');
/*!40000 ALTER TABLE `pembayaran` ENABLE KEYS */;
UNLOCK TABLES;

--
-- Table structure for table `tagihan`
--

DROP TABLE IF EXISTS `tagihan`;
/*!40101 SET @saved_cs_client     = @@character_set_client */;
/*!50503 SET character_set_client = utf8mb4 */;
CREATE TABLE `tagihan` (
  `id` int NOT NULL AUTO_INCREMENT,
  `pelanggan_id` int NOT NULL,
  `bulan_tahun` varchar(7) COLLATE utf8mb4_general_ci NOT NULL,
  `jumlah` decimal(10,2) NOT NULL,
  `status` enum('belum bayar','dibayar') COLLATE utf8mb4_general_ci DEFAULT 'belum bayar',
  `tanggal_bayar` date DEFAULT NULL,
  `metode_pembayaran` enum('tunai','transfer','QRIS','Lainnya') COLLATE utf8mb4_general_ci DEFAULT NULL,
  `petugas_id` int DEFAULT NULL,
  `created_at` timestamp NOT NULL DEFAULT CURRENT_TIMESTAMP,
  PRIMARY KEY (`id`),
  KEY `pelanggan_id` (`pelanggan_id`),
  KEY `petugas_id` (`petugas_id`),
  CONSTRAINT `tagihan_ibfk_1` FOREIGN KEY (`pelanggan_id`) REFERENCES `pelanggan` (`id`) ON DELETE CASCADE,
  CONSTRAINT `tagihan_ibfk_2` FOREIGN KEY (`petugas_id`) REFERENCES `users` (`id`) ON DELETE SET NULL
) ENGINE=InnoDB AUTO_INCREMENT=5182 DEFAULT CHARSET=utf8mb4 COLLATE=utf8mb4_general_ci;
/*!40101 SET character_set_client = @saved_cs_client */;

--
-- Dumping data for table `tagihan`
--

LOCK TABLES `tagihan` WRITE;
/*!40000 ALTER TABLE `tagihan` DISABLE KEYS */;
INSERT INTO `tagihan` VALUES (4280,111,'2025-06',120000.00,'belum bayar',NULL,'',14,'2025-07-19 14:33:40'),(4281,112,'2025-06',120000.00,'belum bayar',NULL,'',14,'2025-07-19 14:33:40'),(4282,113,'2025-06',120000.00,'belum bayar',NULL,'',14,'2025-07-19 14:33:40'),(4283,114,'2025-06',120000.00,'belum bayar',NULL,'',14,'2025-07-19 14:33:40'),(4284,115,'2025-06',120000.00,'belum bayar',NULL,'',14,'2025-07-19 14:33:40'),(4285,116,'2025-06',120000.00,'dibayar','2025-06-05','transfer',14,'2025-07-19 14:33:40'),(4286,117,'2025-06',120000.00,'dibayar','2025-07-03','transfer',14,'2025-07-19 14:33:40'),(4287,118,'2025-06',120000.00,'belum bayar',NULL,'',14,'2025-07-19 14:33:40'),(4288,119,'2025-06',120000.00,'belum bayar',NULL,'',14,'2025-07-19 14:33:40'),(4289,120,'2025-06',120000.00,'belum bayar',NULL,'',14,'2025-07-19 14:33:40'),(4290,121,'2025-06',120000.00,'belum bayar',NULL,'',14,'2025-07-19 14:33:40'),(4291,123,'2025-06',120000.00,'belum bayar',NULL,'',14,'2025-07-19 14:33:40'),(4292,124,'2025-06',120000.00,'belum bayar',NULL,'',14,'2025-07-19 14:33:40'),(4293,125,'2025-06',120000.00,'belum bayar',NULL,'',14,'2025-07-19 14:33:40'),(4294,126,'2025-06',120000.00,'belum bayar',NULL,'',14,'2025-07-19 14:33:40'),(4295,127,'2025-06',120000.00,'belum bayar',NULL,'',14,'2025-07-19 14:33:40'),(4296,128,'2025-06',120000.00,'belum bayar',NULL,'',14,'2025-07-19 14:33:40'),(4297,129,'2025-06',120000.00,'belum bayar',NULL,'',14,'2025-07-19 14:33:40'),(4298,130,'2025-06',120000.00,'belum bayar',NULL,'',14,'2025-07-19 14:33:40'),(4299,131,'2025-06',120000.00,'belum bayar',NULL,'',14,'2025-07-19 14:33:40'),(4300,132,'2025-06',120000.00,'belum bayar',NULL,'',14,'2025-07-19 14:33:40'),(4301,133,'2025-06',120000.00,'belum bayar',NULL,'',14,'2025-07-19 14:33:40'),(4302,134,'2025-06',120000.00,'belum bayar',NULL,'',14,'2025-07-19 14:33:40'),(4303,135,'2025-06',120000.00,'belum bayar',NULL,'',14,'2025-07-19 14:33:40'),(4304,136,'2025-06',120000.00,'belum bayar',NULL,'',14,'2025-07-19 14:33:40'),(4305,138,'2025-06',120000.00,'belum bayar',NULL,'',14,'2025-07-19 14:33:40'),(4306,139,'2025-06',120000.00,'belum bayar',NULL,'',14,'2025-07-19 14:33:40'),(4307,140,'2025-06',120000.00,'dibayar','2025-06-04','transfer',14,'2025-07-19 14:33:40'),(4308,141,'2025-06',120000.00,'belum bayar',NULL,'',14,'2025-07-19 14:33:40'),(4309,142,'2025-06',120000.00,'dibayar','2025-06-05','tunai',14,'2025-07-19 14:33:40'),(4310,143,'2025-06',120000.00,'belum bayar',NULL,'',14,'2025-07-19 14:33:40'),(4311,144,'2025-06',120000.00,'belum bayar',NULL,'',14,'2025-07-19 14:33:40'),(4312,145,'2025-06',120000.00,'belum bayar',NULL,'',14,'2025-07-19 14:33:40'),(4313,146,'2025-06',120000.00,'belum bayar',NULL,'',14,'2025-07-19 14:33:40'),(4314,147,'2025-06',120000.00,'belum bayar',NULL,'',14,'2025-07-19 14:33:40'),(4315,148,'2025-06',120000.00,'belum bayar',NULL,'',14,'2025-07-19 14:33:40'),(4316,149,'2025-06',120000.00,'belum bayar',NULL,'',14,'2025-07-19 14:33:40'),(4317,150,'2025-06',120000.00,'belum bayar',NULL,'',14,'2025-07-19 14:33:40'),(4318,151,'2025-06',120000.00,'belum bayar',NULL,'',14,'2025-07-19 14:33:40'),(4319,153,'2025-06',120000.00,'belum bayar',NULL,'',14,'2025-07-19 14:33:40'),(4320,154,'2025-06',120000.00,'belum bayar',NULL,'',14,'2025-07-19 14:33:40'),(4321,155,'2025-06',120000.00,'belum bayar',NULL,'',14,'2025-07-19 14:33:40'),(4322,156,'2025-06',120000.00,'belum bayar',NULL,'',14,'2025-07-19 14:33:40'),(4323,157,'2025-06',120000.00,'belum bayar',NULL,'',14,'2025-07-19 14:33:40'),(4324,158,'2025-06',120000.00,'belum bayar',NULL,'',14,'2025-07-19 14:33:40'),(4325,159,'2025-06',120000.00,'belum bayar',NULL,'',14,'2025-07-19 14:33:40'),(4326,160,'2025-06',120000.00,'belum bayar',NULL,'',14,'2025-07-19 14:33:40'),(4327,162,'2025-06',120000.00,'belum bayar',NULL,'',14,'2025-07-19 14:33:40'),(4328,163,'2025-06',120000.00,'belum bayar',NULL,'',14,'2025-07-19 14:33:40'),(4329,164,'2025-06',120000.00,'belum bayar',NULL,'',14,'2025-07-19 14:33:40'),(4330,165,'2025-06',120000.00,'belum bayar',NULL,'',14,'2025-07-19 14:33:40'),(4331,166,'2025-06',120000.00,'belum bayar',NULL,'',14,'2025-07-19 14:33:40'),(4332,167,'2025-06',120000.00,'belum bayar',NULL,'',14,'2025-07-19 14:33:40'),(4333,168,'2025-06',120000.00,'belum bayar',NULL,'',14,'2025-07-19 14:33:40'),(4334,169,'2025-06',120000.00,'belum bayar',NULL,'',14,'2025-07-19 14:33:40'),(4335,170,'2025-06',120000.00,'belum bayar',NULL,'',14,'2025-07-19 14:33:40'),(4336,171,'2025-06',120000.00,'belum bayar',NULL,'',14,'2025-07-19 14:33:40'),(4337,172,'2025-06',120000.00,'belum bayar',NULL,'',14,'2025-07-19 14:33:40'),(4338,173,'2025-06',120000.00,'belum bayar',NULL,'',14,'2025-07-19 14:33:40'),(4339,174,'2025-06',120000.00,'belum bayar',NULL,'',14,'2025-07-19 14:33:40'),(4340,176,'2025-06',120000.00,'belum bayar',NULL,'',14,'2025-07-19 14:33:40'),(4341,177,'2025-06',120000.00,'belum bayar',NULL,'',14,'2025-07-19 14:33:40'),(4342,178,'2025-06',120000.00,'belum bayar',NULL,'',14,'2025-07-19 14:33:40'),(4343,179,'2025-06',120000.00,'belum bayar',NULL,'',14,'2025-07-19 14:33:40'),(4344,180,'2025-06',120000.00,'belum bayar',NULL,'',14,'2025-07-19 14:33:40'),(4345,181,'2025-06',120000.00,'belum bayar',NULL,'',14,'2025-07-19 14:33:40'),(4346,182,'2025-06',120000.00,'belum bayar',NULL,'',14,'2025-07-19 14:33:40'),(4347,183,'2025-06',120000.00,'belum bayar',NULL,'',14,'2025-07-19 14:33:40'),(4348,184,'2025-06',120000.00,'belum bayar',NULL,'',14,'2025-07-19 14:33:40'),(4349,185,'2025-06',120000.00,'belum bayar',NULL,'',14,'2025-07-19 14:33:40'),(4350,186,'2025-06',120000.00,'belum bayar',NULL,'',14,'2025-07-19 14:33:40'),(4351,187,'2025-06',120000.00,'belum bayar',NULL,'',14,'2025-07-19 14:33:40'),(4352,188,'2025-06',120000.00,'belum bayar',NULL,'',14,'2025-07-19 14:33:40'),(4353,189,'2025-06',120000.00,'belum bayar',NULL,'',14,'2025-07-19 14:33:40'),(4354,190,'2025-06',120000.00,'belum bayar',NULL,'',14,'2025-07-19 14:33:40'),(4355,191,'2025-06',120000.00,'belum bayar',NULL,'',14,'2025-07-19 14:33:40'),(4356,192,'2025-06',120000.00,'belum bayar',NULL,'',14,'2025-07-19 14:33:40'),(4357,193,'2025-06',120000.00,'belum bayar',NULL,'',14,'2025-07-19 14:33:40'),(4358,194,'2025-06',120000.00,'belum bayar',NULL,'',14,'2025-07-19 14:33:40'),(4359,195,'2025-06',120000.00,'belum bayar',NULL,'',14,'2025-07-19 14:33:40'),(4360,197,'2025-06',120000.00,'belum bayar',NULL,'',14,'2025-07-19 14:33:40'),(4361,198,'2025-06',120000.00,'belum bayar',NULL,'',14,'2025-07-19 14:33:40'),(4362,199,'2025-06',120000.00,'belum bayar',NULL,'',14,'2025-07-19 14:33:40'),(4363,200,'2025-06',120000.00,'belum bayar',NULL,'',14,'2025-07-19 14:33:40'),(4364,201,'2025-06',120000.00,'belum bayar',NULL,'',14,'2025-07-19 14:33:40'),(4365,202,'2025-06',120000.00,'belum bayar',NULL,'',14,'2025-07-19 14:33:40'),(4366,203,'2025-06',120000.00,'belum bayar',NULL,'',14,'2025-07-19 14:33:40'),(4367,204,'2025-06',120000.00,'belum bayar',NULL,'',14,'2025-07-19 14:33:40'),(4368,205,'2025-06',120000.00,'belum bayar',NULL,'',14,'2025-07-19 14:33:40'),(4369,206,'2025-06',120000.00,'belum bayar',NULL,'',14,'2025-07-19 14:33:40'),(4370,207,'2025-06',120000.00,'belum bayar',NULL,'',14,'2025-07-19 14:33:40'),(4371,208,'2025-06',120000.00,'belum bayar',NULL,'',14,'2025-07-19 14:33:40'),(4372,209,'2025-06',120000.00,'belum bayar',NULL,'',14,'2025-07-19 14:33:40'),(4373,210,'2025-06',120000.00,'belum bayar',NULL,'',14,'2025-07-19 14:33:40'),(4374,211,'2025-06',120000.00,'belum bayar',NULL,'',14,'2025-07-19 14:33:40'),(4375,213,'2025-06',120000.00,'belum bayar',NULL,'',14,'2025-07-19 14:33:40'),(4376,214,'2025-06',120000.00,'belum bayar',NULL,'',14,'2025-07-19 14:33:40'),(4377,215,'2025-06',120000.00,'belum bayar',NULL,'',14,'2025-07-19 14:33:40'),(4378,216,'2025-06',120000.00,'belum bayar',NULL,'',14,'2025-07-19 14:33:40'),(4379,217,'2025-06',120000.00,'belum bayar',NULL,'',14,'2025-07-19 14:33:40'),(4380,218,'2025-06',120000.00,'belum bayar',NULL,'',14,'2025-07-19 14:33:40'),(4381,219,'2025-06',120000.00,'belum bayar',NULL,'',14,'2025-07-19 14:33:40'),(4382,220,'2025-06',120000.00,'belum bayar',NULL,'',14,'2025-07-19 14:33:40'),(4383,221,'2025-06',120000.00,'belum bayar',NULL,'',14,'2025-07-19 14:33:40'),(4384,222,'2025-06',120000.00,'belum bayar',NULL,'',14,'2025-07-19 14:33:40'),(4385,223,'2025-06',120000.00,'belum bayar',NULL,'',14,'2025-07-19 14:33:40'),(4386,224,'2025-06',120000.00,'belum bayar',NULL,'',14,'2025-07-19 14:33:40'),(4387,225,'2025-06',120000.00,'belum bayar',NULL,'',14,'2025-07-19 14:33:40'),(4388,226,'2025-06',120000.00,'belum bayar',NULL,'',14,'2025-07-19 14:33:40'),(4389,227,'2025-06',120000.00,'belum bayar',NULL,'',14,'2025-07-19 14:33:40'),(4390,228,'2025-06',120000.00,'belum bayar',NULL,'',14,'2025-07-19 14:33:40'),(4391,229,'2025-06',120000.00,'belum bayar',NULL,'',14,'2025-07-19 14:33:40'),(4392,230,'2025-06',120000.00,'belum bayar',NULL,'',14,'2025-07-19 14:33:40'),(4393,231,'2025-06',120000.00,'belum bayar',NULL,'',14,'2025-07-19 14:33:40'),(4394,232,'2025-06',120000.00,'belum bayar',NULL,'',14,'2025-07-19 14:33:40'),(4395,233,'2025-06',120000.00,'belum bayar',NULL,'',14,'2025-07-19 14:33:40'),(4396,235,'2025-06',120000.00,'belum bayar',NULL,'',14,'2025-07-19 14:33:40'),(4397,236,'2025-06',120000.00,'belum bayar',NULL,'',14,'2025-07-19 14:33:40'),(4398,237,'2025-06',120000.00,'belum bayar',NULL,'',14,'2025-07-19 14:33:40'),(4399,238,'2025-06',120000.00,'belum bayar',NULL,'',14,'2025-07-19 14:33:40'),(4400,240,'2025-06',120000.00,'belum bayar',NULL,'',14,'2025-07-19 14:33:40'),(4401,241,'2025-06',120000.00,'belum bayar',NULL,'',14,'2025-07-19 14:33:40'),(4402,242,'2025-06',120000.00,'belum bayar',NULL,'',14,'2025-07-19 14:33:40'),(4403,243,'2025-06',120000.00,'belum bayar',NULL,'',14,'2025-07-19 14:33:40'),(4404,244,'2025-06',120000.00,'belum bayar',NULL,'',14,'2025-07-19 14:33:40'),(4405,246,'2025-06',120000.00,'belum bayar',NULL,'',14,'2025-07-19 14:33:40'),(4406,247,'2025-06',120000.00,'belum bayar',NULL,'',14,'2025-07-19 14:33:40'),(4407,249,'2025-06',120000.00,'belum bayar',NULL,'',14,'2025-07-19 14:33:40'),(4408,250,'2025-06',120000.00,'belum bayar',NULL,'',14,'2025-07-19 14:33:40'),(4409,251,'2025-06',120000.00,'belum bayar',NULL,'',14,'2025-07-19 14:33:40'),(4410,252,'2025-06',120000.00,'belum bayar',NULL,'',14,'2025-07-19 14:33:40'),(4411,253,'2025-06',120000.00,'belum bayar',NULL,'',14,'2025-07-19 14:33:40'),(4412,254,'2025-06',120000.00,'belum bayar',NULL,'',14,'2025-07-19 14:33:40'),(4413,255,'2025-06',120000.00,'belum bayar',NULL,'',14,'2025-07-19 14:33:40'),(4414,256,'2025-06',120000.00,'belum bayar',NULL,'',14,'2025-07-19 14:33:40'),(4415,257,'2025-06',120000.00,'belum bayar',NULL,'',14,'2025-07-19 14:33:40'),(4416,258,'2025-06',120000.00,'belum bayar',NULL,'',14,'2025-07-19 14:33:40'),(4417,259,'2025-06',120000.00,'belum bayar',NULL,'',14,'2025-07-19 14:33:40'),(4418,260,'2025-06',120000.00,'belum bayar',NULL,'',14,'2025-07-19 14:33:40'),(4419,261,'2025-06',120000.00,'belum bayar',NULL,'',14,'2025-07-19 14:33:40'),(4420,262,'2025-06',120000.00,'belum bayar',NULL,'',14,'2025-07-19 14:33:40'),(4421,263,'2025-06',120000.00,'belum bayar',NULL,'',14,'2025-07-19 14:33:40'),(4422,264,'2025-06',120000.00,'belum bayar',NULL,'',14,'2025-07-19 14:33:40'),(4423,266,'2025-06',120000.00,'belum bayar',NULL,'',14,'2025-07-19 14:33:40'),(4424,267,'2025-06',120000.00,'belum bayar',NULL,'',14,'2025-07-19 14:33:40'),(4425,269,'2025-06',120000.00,'belum bayar',NULL,'',14,'2025-07-19 14:33:40'),(4426,270,'2025-06',120000.00,'belum bayar',NULL,'',14,'2025-07-19 14:33:40'),(4427,272,'2025-06',120000.00,'belum bayar',NULL,'',14,'2025-07-19 14:33:40'),(4428,273,'2025-06',120000.00,'belum bayar',NULL,'',14,'2025-07-19 14:33:40'),(4429,274,'2025-06',120000.00,'belum bayar',NULL,'',14,'2025-07-19 14:33:40'),(4430,275,'2025-06',120000.00,'dibayar','2025-06-05','tunai',14,'2025-07-19 14:33:40'),(4431,276,'2025-06',120000.00,'belum bayar',NULL,'',14,'2025-07-19 14:33:40'),(4432,277,'2025-06',120000.00,'belum bayar',NULL,'',14,'2025-07-19 14:33:40'),(4433,278,'2025-06',120000.00,'belum bayar',NULL,'',14,'2025-07-19 14:33:40'),(4434,279,'2025-06',120000.00,'belum bayar',NULL,'',14,'2025-07-19 14:33:40'),(4435,280,'2025-06',120000.00,'belum bayar',NULL,'',14,'2025-07-19 14:33:40'),(4436,281,'2025-06',120000.00,'belum bayar',NULL,'',14,'2025-07-19 14:33:40'),(4437,282,'2025-06',120000.00,'belum bayar',NULL,'',14,'2025-07-19 14:33:40'),(4438,283,'2025-06',120000.00,'belum bayar',NULL,'',14,'2025-07-19 14:33:40'),(4439,284,'2025-06',120000.00,'belum bayar',NULL,'',14,'2025-07-19 14:33:40'),(4440,285,'2025-06',120000.00,'belum bayar',NULL,'',14,'2025-07-19 14:33:40'),(4441,286,'2025-06',120000.00,'belum bayar',NULL,'',14,'2025-07-19 14:33:40'),(4442,287,'2025-06',120000.00,'belum bayar',NULL,'',14,'2025-07-19 14:33:40'),(4443,288,'2025-06',120000.00,'belum bayar',NULL,'',14,'2025-07-19 14:33:40'),(4444,289,'2025-06',120000.00,'belum bayar',NULL,'',14,'2025-07-19 14:33:40'),(4445,290,'2025-06',120000.00,'belum bayar',NULL,'',14,'2025-07-19 14:33:40'),(4446,291,'2025-06',120000.00,'belum bayar',NULL,'',14,'2025-07-19 14:33:40'),(4447,292,'2025-06',120000.00,'belum bayar',NULL,'',14,'2025-07-19 14:33:40'),(4448,294,'2025-06',120000.00,'belum bayar',NULL,'',14,'2025-07-19 14:33:40'),(4449,295,'2025-06',120000.00,'belum bayar',NULL,'',14,'2025-07-19 14:33:40'),(4450,296,'2025-06',120000.00,'belum bayar',NULL,'',14,'2025-07-19 14:33:40'),(4451,297,'2025-06',120000.00,'belum bayar',NULL,'',14,'2025-07-19 14:33:40'),(4452,298,'2025-06',120000.00,'belum bayar',NULL,'',14,'2025-07-19 14:33:40'),(4453,299,'2025-06',120000.00,'belum bayar',NULL,'',14,'2025-07-19 14:33:40'),(4454,300,'2025-06',120000.00,'belum bayar',NULL,'',14,'2025-07-19 14:33:40'),(4455,301,'2025-06',120000.00,'belum bayar',NULL,'',14,'2025-07-19 14:33:40'),(4456,302,'2025-06',120000.00,'belum bayar',NULL,'',14,'2025-07-19 14:33:40'),(4457,303,'2025-06',120000.00,'belum bayar',NULL,'',14,'2025-07-19 14:33:40'),(4458,304,'2025-06',120000.00,'belum bayar',NULL,'',14,'2025-07-19 14:33:40'),(4459,305,'2025-06',120000.00,'belum bayar',NULL,'',14,'2025-07-19 14:33:40'),(4460,307,'2025-06',120000.00,'belum bayar',NULL,'',14,'2025-07-19 14:33:40'),(4461,308,'2025-06',120000.00,'belum bayar',NULL,'',14,'2025-07-19 14:33:40'),(4462,309,'2025-06',120000.00,'belum bayar',NULL,'',14,'2025-07-19 14:33:40'),(4463,310,'2025-06',120000.00,'belum bayar',NULL,'',14,'2025-07-19 14:33:40'),(4464,311,'2025-06',120000.00,'belum bayar',NULL,'',14,'2025-07-19 14:33:40'),(4465,312,'2025-06',120000.00,'belum bayar',NULL,'',14,'2025-07-19 14:33:40'),(4466,313,'2025-06',120000.00,'belum bayar',NULL,'',14,'2025-07-19 14:33:40'),(4467,314,'2025-06',120000.00,'belum bayar',NULL,'',14,'2025-07-19 14:33:40'),(4468,316,'2025-06',120000.00,'belum bayar',NULL,'',14,'2025-07-19 14:33:40'),(4469,317,'2025-06',120000.00,'belum bayar',NULL,'',14,'2025-07-19 14:33:40'),(4470,318,'2025-06',120000.00,'belum bayar',NULL,'',14,'2025-07-19 14:33:40'),(4471,319,'2025-06',120000.00,'belum bayar',NULL,'',14,'2025-07-19 14:33:40'),(4472,320,'2025-06',120000.00,'belum bayar',NULL,'',14,'2025-07-19 14:33:40'),(4473,321,'2025-06',120000.00,'belum bayar',NULL,'',14,'2025-07-19 14:33:40'),(4474,322,'2025-06',120000.00,'belum bayar',NULL,'',14,'2025-07-19 14:33:40'),(4475,323,'2025-06',120000.00,'belum bayar',NULL,'',14,'2025-07-19 14:33:40'),(4476,324,'2025-06',120000.00,'belum bayar',NULL,'',14,'2025-07-19 14:33:40'),(4477,325,'2025-06',120000.00,'belum bayar',NULL,'',14,'2025-07-19 14:33:40'),(4478,326,'2025-06',120000.00,'belum bayar',NULL,'',14,'2025-07-19 14:33:40'),(4479,328,'2025-06',120000.00,'belum bayar',NULL,'',14,'2025-07-19 14:33:40'),(4480,329,'2025-06',120000.00,'belum bayar',NULL,'',14,'2025-07-19 14:33:40'),(4481,330,'2025-06',120000.00,'belum bayar',NULL,'',14,'2025-07-19 14:33:40'),(4482,331,'2025-06',120000.00,'belum bayar',NULL,'',14,'2025-07-19 14:33:40'),(4483,332,'2025-06',120000.00,'belum bayar',NULL,'',14,'2025-07-19 14:33:40'),(4484,333,'2025-06',120000.00,'belum bayar',NULL,'',14,'2025-07-19 14:33:40'),(4485,334,'2025-06',120000.00,'belum bayar',NULL,'',14,'2025-07-19 14:33:40'),(4486,335,'2025-06',120000.00,'belum bayar',NULL,'',14,'2025-07-19 14:33:40'),(4487,336,'2025-06',120000.00,'belum bayar',NULL,'',14,'2025-07-19 14:33:40'),(4488,337,'2025-06',120000.00,'belum bayar',NULL,'',14,'2025-07-19 14:33:40'),(4489,338,'2025-06',120000.00,'belum bayar',NULL,'',14,'2025-07-19 14:33:40'),(4490,339,'2025-06',120000.00,'belum bayar',NULL,'',14,'2025-07-19 14:33:40'),(4491,340,'2025-06',120000.00,'belum bayar',NULL,'',14,'2025-07-19 14:33:40'),(4492,341,'2025-06',120000.00,'belum bayar',NULL,'',14,'2025-07-19 14:33:40'),(4493,342,'2025-06',120000.00,'belum bayar',NULL,'',14,'2025-07-19 14:33:40'),(4494,343,'2025-06',120000.00,'belum bayar',NULL,'',14,'2025-07-19 14:33:40'),(4495,344,'2025-06',120000.00,'belum bayar',NULL,'',14,'2025-07-19 14:33:40'),(4496,345,'2025-06',120000.00,'belum bayar',NULL,'',14,'2025-07-19 14:33:40'),(4497,346,'2025-06',120000.00,'belum bayar',NULL,'',14,'2025-07-19 14:33:40'),(4498,347,'2025-06',120000.00,'belum bayar',NULL,'',14,'2025-07-19 14:33:40'),(4499,348,'2025-06',120000.00,'belum bayar',NULL,'',14,'2025-07-19 14:33:40'),(4500,349,'2025-06',120000.00,'dibayar','2025-06-05','tunai',14,'2025-07-19 14:33:40'),(4501,350,'2025-06',120000.00,'dibayar','2025-06-05','tunai',14,'2025-07-19 14:33:40'),(4502,351,'2025-06',120000.00,'belum bayar',NULL,'',14,'2025-07-19 14:33:40'),(4503,352,'2025-06',120000.00,'belum bayar',NULL,'',14,'2025-07-19 14:33:40'),(4504,353,'2025-06',120000.00,'dibayar','2025-06-05','tunai',14,'2025-07-19 14:33:40'),(4505,354,'2025-06',120000.00,'belum bayar',NULL,'',14,'2025-07-19 14:33:40'),(4506,355,'2025-06',120000.00,'dibayar','2025-06-05','tunai',14,'2025-07-19 14:33:40'),(4507,356,'2025-06',120000.00,'belum bayar',NULL,'',14,'2025-07-19 14:33:40'),(4508,357,'2025-06',120000.00,'belum bayar',NULL,'',14,'2025-07-19 14:33:40'),(4509,358,'2025-06',120000.00,'belum bayar',NULL,'',14,'2025-07-19 14:33:40'),(4510,359,'2025-06',120000.00,'belum bayar',NULL,'',14,'2025-07-19 14:33:40'),(4511,360,'2025-06',120000.00,'belum bayar',NULL,'',14,'2025-07-19 14:33:40'),(4512,361,'2025-06',120000.00,'belum bayar',NULL,'',14,'2025-07-19 14:33:40'),(4513,362,'2025-06',120000.00,'belum bayar',NULL,'',14,'2025-07-19 14:33:40'),(4514,363,'2025-06',120000.00,'dibayar','2025-06-05','tunai',14,'2025-07-19 14:33:40'),(4515,364,'2025-06',120000.00,'dibayar','2025-06-05','tunai',14,'2025-07-19 14:33:40'),(4516,366,'2025-06',120000.00,'belum bayar',NULL,'',14,'2025-07-19 14:33:40'),(4517,367,'2025-06',120000.00,'dibayar','2025-06-05','tunai',14,'2025-07-19 14:33:40'),(4518,368,'2025-06',120000.00,'dibayar','2025-06-05','tunai',14,'2025-07-19 14:33:40'),(4519,369,'2025-06',120000.00,'dibayar','2025-06-05','tunai',14,'2025-07-19 14:33:40'),(4520,372,'2025-06',120000.00,'belum bayar',NULL,'',14,'2025-07-19 14:33:40'),(4521,373,'2025-06',120000.00,'belum bayar',NULL,'',14,'2025-07-19 14:33:40'),(4522,374,'2025-06',120000.00,'belum bayar',NULL,'',14,'2025-07-19 14:33:40'),(4523,375,'2025-06',120000.00,'dibayar','2025-06-05','tunai',14,'2025-07-19 14:33:40'),(4524,376,'2025-06',120000.00,'dibayar','2025-06-05','tunai',14,'2025-07-19 14:33:40'),(4525,377,'2025-06',120000.00,'belum bayar',NULL,'',14,'2025-07-19 14:33:40'),(4526,378,'2025-06',120000.00,'belum bayar',NULL,'',14,'2025-07-19 14:33:40'),(4527,379,'2025-06',120000.00,'belum bayar',NULL,'',14,'2025-07-19 14:33:40'),(4528,380,'2025-06',120000.00,'belum bayar',NULL,'',14,'2025-07-19 14:33:40'),(4529,381,'2025-06',120000.00,'belum bayar',NULL,'',14,'2025-07-19 14:33:40'),(4530,382,'2025-06',120000.00,'belum bayar',NULL,'',14,'2025-07-19 14:33:40'),(4531,383,'2025-06',120000.00,'belum bayar',NULL,'',14,'2025-07-19 14:33:40'),(4532,384,'2025-06',120000.00,'dibayar','2025-06-02','transfer',14,'2025-07-19 14:33:40'),(4533,385,'2025-06',120000.00,'dibayar','2025-06-05','tunai',14,'2025-07-19 14:33:40'),(4534,386,'2025-06',120000.00,'dibayar','2025-06-05','tunai',14,'2025-07-19 14:33:40'),(4535,387,'2025-06',120000.00,'belum bayar',NULL,'',14,'2025-07-19 14:33:40'),(4536,388,'2025-06',120000.00,'belum bayar',NULL,'',14,'2025-07-19 14:33:40'),(4537,389,'2025-06',120000.00,'belum bayar',NULL,'',14,'2025-07-19 14:33:40'),(4538,390,'2025-06',120000.00,'belum bayar',NULL,'',14,'2025-07-19 14:33:40'),(4539,391,'2025-06',120000.00,'belum bayar',NULL,'',14,'2025-07-19 14:33:40'),(4540,392,'2025-06',120000.00,'dibayar','2025-06-05','tunai',14,'2025-07-19 14:33:40'),(4541,393,'2025-06',120000.00,'belum bayar',NULL,'',14,'2025-07-19 14:33:40'),(4542,394,'2025-06',120000.00,'belum bayar',NULL,'',14,'2025-07-19 14:33:40'),(4543,396,'2025-06',120000.00,'belum bayar',NULL,'',14,'2025-07-19 14:33:40'),(4544,397,'2025-06',120000.00,'belum bayar',NULL,'',14,'2025-07-19 14:33:40'),(4545,398,'2025-06',120000.00,'belum bayar',NULL,'',14,'2025-07-19 14:33:40'),(4546,399,'2025-06',120000.00,'belum bayar',NULL,'',14,'2025-07-19 14:33:40'),(4547,400,'2025-06',120000.00,'belum bayar',NULL,'',14,'2025-07-19 14:33:40'),(4548,401,'2025-06',120000.00,'belum bayar',NULL,'',14,'2025-07-19 14:33:40'),(4549,402,'2025-06',120000.00,'belum bayar',NULL,'',14,'2025-07-19 14:33:40'),(4550,403,'2025-06',120000.00,'dibayar','2025-06-05','tunai',14,'2025-07-19 14:33:40'),(4551,404,'2025-06',120000.00,'belum bayar',NULL,'',14,'2025-07-19 14:33:40'),(4552,405,'2025-06',120000.00,'dibayar','2025-06-05','tunai',14,'2025-07-19 14:33:40'),(4553,406,'2025-06',120000.00,'belum bayar',NULL,'',14,'2025-07-19 14:33:40'),(4554,408,'2025-06',120000.00,'dibayar','2025-06-05','tunai',14,'2025-07-19 14:33:40'),(4555,409,'2025-06',120000.00,'belum bayar',NULL,'',14,'2025-07-19 14:33:40'),(4556,410,'2025-06',120000.00,'belum bayar',NULL,'',14,'2025-07-19 14:33:40'),(4557,411,'2025-06',120000.00,'belum bayar',NULL,'',14,'2025-07-19 14:33:40'),(4558,412,'2025-06',120000.00,'belum bayar',NULL,'',14,'2025-07-19 14:33:40'),(4559,413,'2025-06',120000.00,'belum bayar',NULL,'',14,'2025-07-19 14:33:40'),(4560,414,'2025-06',120000.00,'belum bayar',NULL,'',14,'2025-07-19 14:33:40'),(4561,415,'2025-06',120000.00,'belum bayar',NULL,'',14,'2025-07-19 14:33:40'),(4562,416,'2025-06',120000.00,'belum bayar',NULL,'',14,'2025-07-19 14:33:40'),(4563,417,'2025-06',120000.00,'dibayar','2025-06-05','tunai',14,'2025-07-19 14:33:40'),(4564,418,'2025-06',120000.00,'dibayar','2025-06-05','tunai',14,'2025-07-19 14:33:40'),(4565,419,'2025-06',120000.00,'belum bayar',NULL,'',14,'2025-07-19 14:33:40'),(4566,421,'2025-06',120000.00,'dibayar','2025-06-05','tunai',14,'2025-07-19 14:33:40'),(4567,422,'2025-06',120000.00,'dibayar','2025-06-05','tunai',14,'2025-07-19 14:33:40'),(4568,423,'2025-06',120000.00,'belum bayar',NULL,'',14,'2025-07-19 14:33:40'),(4569,424,'2025-06',120000.00,'belum bayar',NULL,'',14,'2025-07-19 14:33:40'),(4570,425,'2025-06',120000.00,'belum bayar',NULL,'',14,'2025-07-19 14:33:40'),(4571,426,'2025-06',120000.00,'dibayar','2025-06-05','tunai',14,'2025-07-19 14:33:40'),(4572,427,'2025-06',120000.00,'belum bayar',NULL,'',14,'2025-07-19 14:33:40'),(4573,428,'2025-06',120000.00,'belum bayar',NULL,'',14,'2025-07-19 14:33:40'),(4574,429,'2025-06',120000.00,'dibayar','2025-06-05','tunai',14,'2025-07-19 14:33:40'),(4575,431,'2025-06',120000.00,'dibayar','2025-06-05','tunai',14,'2025-07-19 14:33:40'),(4576,432,'2025-06',120000.00,'belum bayar',NULL,'',14,'2025-07-19 14:33:40'),(4577,433,'2025-06',120000.00,'dibayar','2025-06-05','tunai',14,'2025-07-19 14:33:40'),(4578,434,'2025-06',120000.00,'belum bayar',NULL,'',14,'2025-07-19 14:33:40'),(4579,435,'2025-06',120000.00,'belum bayar',NULL,'',14,'2025-07-19 14:33:40'),(4580,436,'2025-06',120000.00,'belum bayar',NULL,'',14,'2025-07-19 14:33:40'),(4581,437,'2025-06',120000.00,'belum bayar',NULL,'',14,'2025-07-19 14:33:40'),(4582,438,'2025-06',120000.00,'belum bayar',NULL,'',14,'2025-07-19 14:33:40'),(4583,439,'2025-06',120000.00,'belum bayar',NULL,'',14,'2025-07-19 14:33:40'),(4584,440,'2025-06',120000.00,'dibayar','2025-06-05','tunai',14,'2025-07-19 14:33:40'),(4585,441,'2025-06',120000.00,'belum bayar',NULL,'',14,'2025-07-19 14:33:40'),(4586,442,'2025-06',120000.00,'dibayar','2025-06-05','tunai',14,'2025-07-19 14:33:40'),(4587,443,'2025-06',120000.00,'dibayar','2025-06-05','tunai',14,'2025-07-19 14:33:40'),(4588,444,'2025-06',120000.00,'belum bayar',NULL,'',14,'2025-07-19 14:33:40'),(4589,445,'2025-06',120000.00,'belum bayar',NULL,'',14,'2025-07-19 14:33:40'),(4590,446,'2025-06',120000.00,'dibayar','2025-06-05','tunai',14,'2025-07-19 14:33:40'),(4591,447,'2025-06',120000.00,'belum bayar',NULL,'',14,'2025-07-19 14:33:40'),(4592,448,'2025-06',120000.00,'dibayar','2025-06-05','tunai',14,'2025-07-19 14:33:40'),(4593,449,'2025-06',120000.00,'belum bayar',NULL,'',14,'2025-07-19 14:33:40'),(4594,450,'2025-06',120000.00,'dibayar','2025-06-05','tunai',14,'2025-07-19 14:33:40'),(4595,451,'2025-06',120000.00,'belum bayar',NULL,'',14,'2025-07-19 14:33:40'),(4596,452,'2025-06',120000.00,'belum bayar',NULL,'',14,'2025-07-19 14:33:40'),(4597,453,'2025-06',120000.00,'dibayar','2025-06-05','tunai',14,'2025-07-19 14:33:40'),(4598,454,'2025-06',120000.00,'belum bayar',NULL,'',14,'2025-07-19 14:33:40'),(4599,455,'2025-06',120000.00,'belum bayar',NULL,'',14,'2025-07-19 14:33:40'),(4600,456,'2025-06',120000.00,'belum bayar',NULL,'',14,'2025-07-19 14:33:40'),(4601,457,'2025-06',120000.00,'belum bayar',NULL,'',14,'2025-07-19 14:33:40'),(4602,458,'2025-06',120000.00,'dibayar','2025-06-05','tunai',14,'2025-07-19 14:33:40'),(4603,459,'2025-06',120000.00,'belum bayar',NULL,'',14,'2025-07-19 14:33:40'),(4604,460,'2025-06',120000.00,'belum bayar',NULL,'',14,'2025-07-19 14:33:40'),(4605,461,'2025-06',120000.00,'belum bayar',NULL,'',14,'2025-07-19 14:33:40'),(4606,462,'2025-06',120000.00,'belum bayar',NULL,'',14,'2025-07-19 14:33:40'),(4607,463,'2025-06',120000.00,'belum bayar',NULL,'',14,'2025-07-19 14:33:40'),(4608,464,'2025-06',120000.00,'dibayar','2025-06-05','tunai',14,'2025-07-19 14:33:40'),(4609,465,'2025-06',120000.00,'belum bayar',NULL,'',14,'2025-07-19 14:33:40'),(4610,466,'2025-06',120000.00,'dibayar','2025-06-05','tunai',14,'2025-07-19 14:33:40'),(4611,467,'2025-06',120000.00,'belum bayar',NULL,'',14,'2025-07-19 14:33:40'),(4612,468,'2025-06',120000.00,'belum bayar',NULL,'',14,'2025-07-19 14:33:40'),(4613,469,'2025-06',120000.00,'dibayar','2025-06-05','tunai',14,'2025-07-19 14:33:40'),(4614,470,'2025-06',120000.00,'dibayar','2025-06-05','tunai',14,'2025-07-19 14:33:40'),(4615,471,'2025-06',120000.00,'belum bayar',NULL,'',14,'2025-07-19 14:33:40'),(4616,472,'2025-06',120000.00,'belum bayar',NULL,'',14,'2025-07-19 14:33:40'),(4617,473,'2025-06',120000.00,'dibayar','2025-06-05','tunai',14,'2025-07-19 14:33:40'),(4618,474,'2025-06',120000.00,'belum bayar',NULL,'',14,'2025-07-19 14:33:40'),(4619,475,'2025-06',120000.00,'belum bayar',NULL,'',14,'2025-07-19 14:33:40'),(4620,476,'2025-06',120000.00,'belum bayar',NULL,'',14,'2025-07-19 14:33:40'),(4621,477,'2025-06',120000.00,'belum bayar',NULL,'',14,'2025-07-19 14:33:40'),(4622,478,'2025-06',120000.00,'belum bayar',NULL,'',14,'2025-07-19 14:33:40'),(4623,479,'2025-06',120000.00,'dibayar','2025-06-05','transfer',14,'2025-07-19 14:33:40'),(4624,480,'2025-06',120000.00,'dibayar','2025-06-01','transfer',14,'2025-07-19 14:33:40'),(4625,482,'2025-06',120000.00,'belum bayar',NULL,'',14,'2025-07-19 14:33:40'),(4626,483,'2025-06',120000.00,'belum bayar',NULL,'',14,'2025-07-19 14:33:40'),(4627,484,'2025-06',120000.00,'belum bayar',NULL,'',14,'2025-07-19 14:33:40'),(4628,485,'2025-06',120000.00,'belum bayar',NULL,'',14,'2025-07-19 14:33:40'),(4629,486,'2025-06',120000.00,'belum bayar',NULL,'',14,'2025-07-19 14:33:40'),(4630,487,'2025-06',120000.00,'belum bayar',NULL,'',14,'2025-07-19 14:33:40'),(4631,488,'2025-06',120000.00,'belum bayar',NULL,'',14,'2025-07-19 14:33:40'),(4632,490,'2025-06',120000.00,'belum bayar',NULL,'',14,'2025-07-19 14:33:40'),(4633,491,'2025-06',120000.00,'belum bayar',NULL,'',14,'2025-07-19 14:33:40'),(4634,492,'2025-06',120000.00,'belum bayar',NULL,'',14,'2025-07-19 14:33:40'),(4635,493,'2025-06',120000.00,'belum bayar',NULL,'',14,'2025-07-19 14:33:40'),(4636,494,'2025-06',120000.00,'belum bayar',NULL,'',14,'2025-07-19 14:33:40'),(4637,495,'2025-06',120000.00,'belum bayar',NULL,'',14,'2025-07-19 14:33:40'),(4638,496,'2025-06',120000.00,'belum bayar',NULL,'',14,'2025-07-19 14:33:40'),(4639,497,'2025-06',120000.00,'belum bayar',NULL,'',14,'2025-07-19 14:33:40'),(4640,498,'2025-06',120000.00,'belum bayar',NULL,'',14,'2025-07-19 14:33:40'),(4641,499,'2025-06',120000.00,'belum bayar',NULL,'',14,'2025-07-19 14:33:40'),(4642,500,'2025-06',120000.00,'belum bayar',NULL,'',14,'2025-07-19 14:33:40'),(4643,502,'2025-06',120000.00,'belum bayar',NULL,'',14,'2025-07-19 14:33:40'),(4644,503,'2025-06',120000.00,'belum bayar',NULL,'',14,'2025-07-19 14:33:40'),(4645,504,'2025-06',120000.00,'dibayar','2025-06-01','transfer',14,'2025-07-19 14:33:40'),(4646,505,'2025-06',120000.00,'belum bayar',NULL,'',14,'2025-07-19 14:33:40'),(4647,506,'2025-06',120000.00,'belum bayar',NULL,'',14,'2025-07-19 14:33:40'),(4648,507,'2025-06',120000.00,'belum bayar',NULL,'',14,'2025-07-19 14:33:40'),(4649,508,'2025-06',120000.00,'belum bayar',NULL,'',14,'2025-07-19 14:33:40'),(4650,509,'2025-06',120000.00,'belum bayar',NULL,'',14,'2025-07-19 14:33:40'),(4651,510,'2025-06',120000.00,'belum bayar',NULL,'',14,'2025-07-19 14:33:40'),(4652,511,'2025-06',120000.00,'belum bayar',NULL,'',14,'2025-07-19 14:33:40'),(4653,512,'2025-06',120000.00,'belum bayar',NULL,'',14,'2025-07-19 14:33:40'),(4654,513,'2025-06',120000.00,'belum bayar',NULL,'',14,'2025-07-19 14:33:40'),(4655,514,'2025-06',120000.00,'belum bayar',NULL,'',14,'2025-07-19 14:33:40'),(4656,516,'2025-06',120000.00,'belum bayar',NULL,'',14,'2025-07-19 14:33:40'),(4657,517,'2025-06',120000.00,'belum bayar',NULL,'',14,'2025-07-19 14:33:40'),(4658,518,'2025-06',120000.00,'belum bayar',NULL,'',14,'2025-07-19 14:33:40'),(4659,519,'2025-06',120000.00,'belum bayar',NULL,'',14,'2025-07-19 14:33:40'),(4660,520,'2025-06',120000.00,'belum bayar',NULL,'',14,'2025-07-19 14:33:40'),(4661,521,'2025-06',120000.00,'belum bayar',NULL,'',14,'2025-07-19 14:33:40'),(4662,522,'2025-06',120000.00,'belum bayar',NULL,'',14,'2025-07-19 14:33:40'),(4663,523,'2025-06',120000.00,'belum bayar',NULL,'',14,'2025-07-19 14:33:40'),(4664,524,'2025-06',120000.00,'belum bayar',NULL,'',14,'2025-07-19 14:33:40'),(4665,525,'2025-06',120000.00,'belum bayar',NULL,'',14,'2025-07-19 14:33:40'),(4666,526,'2025-06',120000.00,'belum bayar',NULL,'',14,'2025-07-19 14:33:40'),(4667,528,'2025-06',120000.00,'belum bayar',NULL,'',14,'2025-07-19 14:33:40'),(4668,530,'2025-06',120000.00,'belum bayar',NULL,'',14,'2025-07-19 14:33:40'),(4669,531,'2025-06',120000.00,'belum bayar',NULL,'',14,'2025-07-19 14:33:40'),(4670,532,'2025-06',120000.00,'belum bayar',NULL,'',14,'2025-07-19 14:33:40'),(4671,533,'2025-06',120000.00,'belum bayar',NULL,'',14,'2025-07-19 14:33:40'),(4672,534,'2025-06',120000.00,'belum bayar',NULL,'',14,'2025-07-19 14:33:40'),(4673,535,'2025-06',120000.00,'belum bayar',NULL,'',14,'2025-07-19 14:33:40'),(4674,536,'2025-06',120000.00,'belum bayar',NULL,'',14,'2025-07-19 14:33:40'),(4675,537,'2025-06',120000.00,'belum bayar',NULL,'',14,'2025-07-19 14:33:40'),(4676,538,'2025-06',120000.00,'belum bayar',NULL,'',14,'2025-07-19 14:33:40'),(4677,539,'2025-06',120000.00,'belum bayar',NULL,'',14,'2025-07-19 14:33:40'),(4678,540,'2025-06',120000.00,'belum bayar',NULL,'',14,'2025-07-19 14:33:40'),(4679,541,'2025-06',120000.00,'belum bayar',NULL,'',14,'2025-07-19 14:33:40'),(4680,542,'2025-06',120000.00,'belum bayar',NULL,'',14,'2025-07-19 14:33:40'),(4681,543,'2025-06',120000.00,'belum bayar',NULL,'',14,'2025-07-19 14:33:40'),(4682,544,'2025-06',120000.00,'belum bayar',NULL,'',14,'2025-07-19 14:33:40'),(4683,545,'2025-06',120000.00,'belum bayar',NULL,'',14,'2025-07-19 14:33:40'),(4684,546,'2025-06',120000.00,'belum bayar',NULL,'',14,'2025-07-19 14:33:40'),(4685,547,'2025-06',120000.00,'dibayar','2025-06-01','transfer',14,'2025-07-19 14:33:40'),(4686,549,'2025-06',120000.00,'belum bayar',NULL,'',14,'2025-07-19 14:33:40'),(4687,550,'2025-06',120000.00,'belum bayar',NULL,'',14,'2025-07-19 14:33:40'),(4688,551,'2025-06',120000.00,'belum bayar',NULL,'',14,'2025-07-19 14:33:40'),(4689,552,'2025-06',120000.00,'belum bayar',NULL,'',14,'2025-07-19 14:33:40'),(4690,553,'2025-06',120000.00,'belum bayar',NULL,'',14,'2025-07-19 14:33:40'),(4691,554,'2025-06',120000.00,'belum bayar',NULL,'',14,'2025-07-19 14:33:40'),(4692,555,'2025-06',120000.00,'belum bayar',NULL,'',14,'2025-07-19 14:33:40'),(4693,556,'2025-06',120000.00,'belum bayar',NULL,'',14,'2025-07-19 14:33:40'),(4694,557,'2025-06',120000.00,'belum bayar',NULL,'',14,'2025-07-19 14:33:40'),(4695,558,'2025-06',120000.00,'belum bayar',NULL,'',14,'2025-07-19 14:33:40'),(4696,560,'2025-06',120000.00,'belum bayar',NULL,'',14,'2025-07-19 14:33:40'),(4697,561,'2025-06',120000.00,'belum bayar',NULL,'',14,'2025-07-19 14:33:40'),(4698,562,'2025-06',120000.00,'belum bayar',NULL,'',14,'2025-07-19 14:33:40'),(4699,563,'2025-06',120000.00,'belum bayar',NULL,'',14,'2025-07-19 14:33:40'),(4700,564,'2025-06',120000.00,'belum bayar',NULL,'',14,'2025-07-19 14:33:40'),(4701,565,'2025-06',120000.00,'belum bayar',NULL,'',14,'2025-07-19 14:33:40'),(4702,566,'2025-06',120000.00,'belum bayar',NULL,'',14,'2025-07-19 14:33:40'),(4703,567,'2025-06',120000.00,'belum bayar',NULL,'',14,'2025-07-19 14:33:40'),(4704,568,'2025-06',120000.00,'belum bayar',NULL,'',14,'2025-07-19 14:33:40'),(4705,569,'2025-06',120000.00,'belum bayar',NULL,'',14,'2025-07-19 14:33:40'),(4706,570,'2025-06',120000.00,'belum bayar',NULL,'',14,'2025-07-19 14:33:40'),(4707,571,'2025-06',120000.00,'belum bayar',NULL,'',14,'2025-07-19 14:33:40'),(4708,572,'2025-06',120000.00,'belum bayar',NULL,'',14,'2025-07-19 14:33:40'),(4709,573,'2025-06',120000.00,'belum bayar',NULL,'',14,'2025-07-19 14:33:40'),(4710,574,'2025-06',120000.00,'belum bayar',NULL,'',14,'2025-07-19 14:33:40'),(4711,575,'2025-06',120000.00,'belum bayar',NULL,'',14,'2025-07-19 14:33:40'),(4712,576,'2025-06',120000.00,'belum bayar',NULL,'',14,'2025-07-19 14:33:40'),(4713,577,'2025-06',120000.00,'belum bayar',NULL,'',14,'2025-07-19 14:33:40'),(4714,578,'2025-06',120000.00,'belum bayar',NULL,'',14,'2025-07-19 14:33:40'),(4715,579,'2025-06',120000.00,'belum bayar',NULL,'',14,'2025-07-19 14:33:40'),(4716,580,'2025-06',120000.00,'belum bayar',NULL,'',14,'2025-07-19 14:33:40'),(4717,581,'2025-06',120000.00,'belum bayar',NULL,'',14,'2025-07-19 14:33:40'),(4718,582,'2025-06',120000.00,'belum bayar',NULL,'',14,'2025-07-19 14:33:40'),(4719,583,'2025-06',120000.00,'belum bayar',NULL,'',14,'2025-07-19 14:33:40'),(4720,584,'2025-06',120000.00,'belum bayar',NULL,'',14,'2025-07-19 14:33:40'),(4721,585,'2025-06',120000.00,'belum bayar',NULL,'',14,'2025-07-19 14:33:40'),(4722,586,'2025-06',120000.00,'belum bayar',NULL,'',14,'2025-07-19 14:33:40'),(4723,587,'2025-06',120000.00,'belum bayar',NULL,'',14,'2025-07-19 14:33:40'),(4724,588,'2025-06',120000.00,'belum bayar',NULL,'',14,'2025-07-19 14:33:40'),(4725,589,'2025-06',120000.00,'belum bayar',NULL,'',14,'2025-07-19 14:33:40'),(4726,590,'2025-06',120000.00,'belum bayar',NULL,'',14,'2025-07-19 14:33:40'),(4727,592,'2025-06',120000.00,'belum bayar',NULL,'',14,'2025-07-19 14:33:40'),(4728,593,'2025-06',120000.00,'belum bayar',NULL,'',14,'2025-07-19 14:33:40'),(4729,594,'2025-06',120000.00,'belum bayar',NULL,'',14,'2025-07-19 14:33:40'),(4730,595,'2025-06',120000.00,'belum bayar',NULL,'',14,'2025-07-19 14:33:40'),(4731,596,'2025-06',120000.00,'belum bayar',NULL,'',14,'2025-07-19 14:33:40'),(4732,597,'2025-06',120000.00,'belum bayar',NULL,'',14,'2025-07-19 14:33:40'),(4733,598,'2025-06',120000.00,'belum bayar',NULL,'',14,'2025-07-19 14:33:40'),(4734,599,'2025-06',120000.00,'belum bayar',NULL,'',14,'2025-07-19 14:33:40'),(4735,600,'2025-06',120000.00,'belum bayar',NULL,'',14,'2025-07-19 14:33:40'),(4736,601,'2025-06',120000.00,'belum bayar',NULL,'',14,'2025-07-19 14:33:40'),(4737,602,'2025-06',120000.00,'belum bayar',NULL,'',14,'2025-07-19 14:33:40'),(4738,603,'2025-06',120000.00,'belum bayar',NULL,'',14,'2025-07-19 14:33:40'),(4739,604,'2025-06',120000.00,'belum bayar',NULL,'',14,'2025-07-19 14:33:40'),(4740,605,'2025-06',120000.00,'belum bayar',NULL,'',14,'2025-07-19 14:33:40'),(4741,606,'2025-06',120000.00,'belum bayar',NULL,'',14,'2025-07-19 14:33:40'),(4742,607,'2025-06',120000.00,'belum bayar',NULL,'',14,'2025-07-19 14:33:40'),(4743,608,'2025-06',120000.00,'belum bayar',NULL,'',14,'2025-07-19 14:33:40'),(4744,610,'2025-06',120000.00,'belum bayar',NULL,'',14,'2025-07-19 14:33:40'),(4745,611,'2025-06',120000.00,'belum bayar',NULL,'',14,'2025-07-19 14:33:40'),(4746,612,'2025-06',120000.00,'dibayar','2025-06-01','transfer',14,'2025-07-19 14:33:40'),(4747,614,'2025-06',120000.00,'belum bayar',NULL,'',14,'2025-07-19 14:33:40'),(4748,615,'2025-06',120000.00,'belum bayar',NULL,'',14,'2025-07-19 14:33:40'),(4749,616,'2025-06',120000.00,'belum bayar',NULL,'',14,'2025-07-19 14:33:40'),(4750,618,'2025-06',120000.00,'belum bayar',NULL,'',14,'2025-07-19 14:33:40'),(4751,620,'2025-06',120000.00,'belum bayar',NULL,'',14,'2025-07-19 14:33:40'),(4752,621,'2025-06',120000.00,'belum bayar',NULL,'',14,'2025-07-19 14:33:40'),(4753,622,'2025-06',120000.00,'belum bayar',NULL,'',14,'2025-07-19 14:33:40'),(4754,623,'2025-06',120000.00,'belum bayar',NULL,'',14,'2025-07-19 14:33:40'),(4755,624,'2025-06',120000.00,'belum bayar',NULL,'',14,'2025-07-19 14:33:40'),(4756,628,'2025-06',120000.00,'belum bayar',NULL,'',14,'2025-07-19 14:33:40'),(4757,629,'2025-06',120000.00,'belum bayar',NULL,'',14,'2025-07-19 14:33:40'),(4758,630,'2025-06',120000.00,'belum bayar',NULL,'',14,'2025-07-19 14:33:40'),(4759,632,'2025-06',120000.00,'belum bayar',NULL,'',14,'2025-07-19 14:33:40'),(4760,633,'2025-06',120000.00,'belum bayar',NULL,'',14,'2025-07-19 14:33:40'),(4761,635,'2025-06',120000.00,'belum bayar',NULL,'',14,'2025-07-19 14:33:40'),(4762,637,'2025-06',120000.00,'belum bayar',NULL,'',14,'2025-07-19 14:33:40'),(4763,638,'2025-06',120000.00,'belum bayar',NULL,'',14,'2025-07-19 14:33:40'),(4764,639,'2025-06',120000.00,'belum bayar',NULL,'',14,'2025-07-19 14:33:40'),(4765,640,'2025-06',120000.00,'belum bayar',NULL,'',14,'2025-07-19 14:33:40'),(4766,641,'2025-06',120000.00,'belum bayar',NULL,'',14,'2025-07-19 14:33:40'),(4767,642,'2025-06',120000.00,'belum bayar',NULL,'',14,'2025-07-19 14:33:40'),(4768,644,'2025-06',120000.00,'belum bayar',NULL,'',14,'2025-07-19 14:33:40'),(4769,645,'2025-06',120000.00,'belum bayar',NULL,'',14,'2025-07-19 14:33:40'),(4770,647,'2025-06',120000.00,'belum bayar',NULL,'',14,'2025-07-19 14:33:40'),(4771,648,'2025-06',120000.00,'belum bayar',NULL,'',14,'2025-07-19 14:33:40'),(4772,649,'2025-06',120000.00,'belum bayar',NULL,'',14,'2025-07-19 14:33:40'),(4773,650,'2025-06',120000.00,'belum bayar',NULL,'',14,'2025-07-19 14:33:40'),(4774,651,'2025-06',120000.00,'belum bayar',NULL,'',14,'2025-07-19 14:33:40'),(4775,652,'2025-06',120000.00,'belum bayar',NULL,'',14,'2025-07-19 14:33:40'),(4776,653,'2025-06',120000.00,'belum bayar',NULL,'',14,'2025-07-19 14:33:40'),(4777,654,'2025-06',120000.00,'belum bayar',NULL,'',14,'2025-07-19 14:33:40'),(4778,655,'2025-06',120000.00,'belum bayar',NULL,'',14,'2025-07-19 14:33:40'),(4779,656,'2025-06',120000.00,'belum bayar',NULL,'',14,'2025-07-19 14:33:40'),(4780,657,'2025-06',120000.00,'belum bayar',NULL,'',14,'2025-07-19 14:33:40'),(4781,658,'2025-06',120000.00,'belum bayar',NULL,'',14,'2025-07-19 14:33:40'),(4782,659,'2025-06',120000.00,'belum bayar',NULL,'',14,'2025-07-19 14:33:40'),(4783,660,'2025-06',120000.00,'belum bayar',NULL,'',14,'2025-07-19 14:33:40'),(4784,664,'2025-06',120000.00,'belum bayar',NULL,'',14,'2025-07-19 14:33:40'),(4785,665,'2025-06',120000.00,'belum bayar',NULL,'',14,'2025-07-19 14:33:40'),(4786,666,'2025-06',120000.00,'belum bayar',NULL,'',14,'2025-07-19 14:33:40'),(4787,667,'2025-06',120000.00,'belum bayar',NULL,'',14,'2025-07-19 14:33:40'),(4788,668,'2025-06',120000.00,'belum bayar',NULL,'',14,'2025-07-19 14:33:40'),(4789,669,'2025-06',120000.00,'belum bayar',NULL,'',14,'2025-07-19 14:33:40'),(4790,670,'2025-06',120000.00,'belum bayar',NULL,'',14,'2025-07-19 14:33:40'),(4791,671,'2025-06',120000.00,'belum bayar',NULL,'',14,'2025-07-19 14:33:40'),(4792,672,'2025-06',120000.00,'belum bayar',NULL,'',14,'2025-07-19 14:33:40'),(4793,673,'2025-06',120000.00,'belum bayar',NULL,'',14,'2025-07-19 14:33:40'),(4794,674,'2025-06',120000.00,'belum bayar',NULL,'',14,'2025-07-19 14:33:40'),(4795,675,'2025-06',120000.00,'belum bayar',NULL,'',14,'2025-07-19 14:33:40'),(4796,676,'2025-06',120000.00,'belum bayar',NULL,'',14,'2025-07-19 14:33:40'),(4797,677,'2025-06',120000.00,'belum bayar',NULL,'',14,'2025-07-19 14:33:40'),(4798,678,'2025-06',120000.00,'belum bayar',NULL,'',14,'2025-07-19 14:33:40'),(4799,679,'2025-06',120000.00,'belum bayar',NULL,'',14,'2025-07-19 14:33:40'),(4800,680,'2025-06',120000.00,'belum bayar',NULL,'',14,'2025-07-19 14:33:40'),(4801,681,'2025-06',120000.00,'belum bayar',NULL,'',14,'2025-07-19 14:33:40'),(4802,682,'2025-06',120000.00,'belum bayar',NULL,'',14,'2025-07-19 14:33:40'),(4803,683,'2025-06',120000.00,'belum bayar',NULL,'',14,'2025-07-19 14:33:40'),(4804,685,'2025-06',120000.00,'belum bayar',NULL,'',14,'2025-07-19 14:33:40'),(4805,686,'2025-06',120000.00,'belum bayar',NULL,'',14,'2025-07-19 14:33:40'),(4806,687,'2025-06',120000.00,'belum bayar',NULL,'',14,'2025-07-19 14:33:40'),(4807,688,'2025-06',120000.00,'belum bayar',NULL,'',14,'2025-07-19 14:33:40'),(4808,689,'2025-06',120000.00,'belum bayar',NULL,'',14,'2025-07-19 14:33:40'),(4809,690,'2025-06',120000.00,'belum bayar',NULL,'',14,'2025-07-19 14:33:40'),(4810,691,'2025-06',120000.00,'belum bayar',NULL,'',14,'2025-07-19 14:33:40'),(4811,692,'2025-06',120000.00,'belum bayar',NULL,'',14,'2025-07-19 14:33:40'),(4812,693,'2025-06',120000.00,'belum bayar',NULL,'',14,'2025-07-19 14:33:40'),(4813,695,'2025-06',120000.00,'belum bayar',NULL,'',14,'2025-07-19 14:33:40'),(4814,697,'2025-06',120000.00,'belum bayar',NULL,'',14,'2025-07-19 14:33:40'),(4815,698,'2025-06',120000.00,'belum bayar',NULL,'',14,'2025-07-19 14:33:40'),(4816,699,'2025-06',120000.00,'belum bayar',NULL,'',14,'2025-07-19 14:33:40'),(4817,701,'2025-06',120000.00,'belum bayar',NULL,'',14,'2025-07-19 14:33:40'),(4818,702,'2025-06',120000.00,'belum bayar',NULL,'',14,'2025-07-19 14:33:40'),(4819,703,'2025-06',120000.00,'belum bayar',NULL,'',14,'2025-07-19 14:33:40'),(4820,704,'2025-06',120000.00,'belum bayar',NULL,'',14,'2025-07-19 14:33:40'),(4821,705,'2025-06',120000.00,'belum bayar',NULL,'',14,'2025-07-19 14:33:40'),(4822,706,'2025-06',120000.00,'belum bayar',NULL,'',14,'2025-07-19 14:33:40'),(4823,707,'2025-06',120000.00,'belum bayar',NULL,'',14,'2025-07-19 14:33:40'),(4824,708,'2025-06',120000.00,'belum bayar',NULL,'',14,'2025-07-19 14:33:40'),(4825,709,'2025-06',120000.00,'belum bayar',NULL,'',14,'2025-07-19 14:33:40'),(4826,710,'2025-06',120000.00,'belum bayar',NULL,'',14,'2025-07-19 14:33:40'),(4827,711,'2025-06',120000.00,'belum bayar',NULL,'',14,'2025-07-19 14:33:40'),(4828,712,'2025-06',120000.00,'belum bayar',NULL,'',14,'2025-07-19 14:33:40'),(4829,714,'2025-06',120000.00,'belum bayar',NULL,'',14,'2025-07-19 14:33:40'),(4830,715,'2025-06',120000.00,'belum bayar',NULL,'',14,'2025-07-19 14:33:40'),(4831,716,'2025-06',120000.00,'belum bayar',NULL,'',14,'2025-07-19 14:33:40'),(4832,717,'2025-06',120000.00,'belum bayar',NULL,'',14,'2025-07-19 14:33:40'),(4833,718,'2025-06',120000.00,'belum bayar',NULL,'',14,'2025-07-19 14:33:40'),(4834,719,'2025-06',120000.00,'belum bayar',NULL,'',14,'2025-07-19 14:33:40'),(4835,720,'2025-06',120000.00,'belum bayar',NULL,'',14,'2025-07-19 14:33:40'),(4836,721,'2025-06',120000.00,'belum bayar',NULL,'',14,'2025-07-19 14:33:40'),(4837,722,'2025-06',120000.00,'belum bayar',NULL,'',14,'2025-07-19 14:33:40'),(4838,724,'2025-06',120000.00,'belum bayar',NULL,'',14,'2025-07-19 14:33:40'),(4839,725,'2025-06',120000.00,'belum bayar',NULL,'',14,'2025-07-19 14:33:40'),(4840,726,'2025-06',120000.00,'belum bayar',NULL,'',14,'2025-07-19 14:33:40'),(4841,727,'2025-06',120000.00,'belum bayar',NULL,'',14,'2025-07-19 14:33:40'),(4842,729,'2025-06',120000.00,'belum bayar',NULL,'',14,'2025-07-19 14:33:40'),(4843,730,'2025-06',120000.00,'belum bayar',NULL,'',14,'2025-07-19 14:33:40'),(4844,731,'2025-06',120000.00,'belum bayar',NULL,'',14,'2025-07-19 14:33:40'),(4845,732,'2025-06',120000.00,'belum bayar',NULL,'',14,'2025-07-19 14:33:40'),(4846,733,'2025-06',120000.00,'belum bayar',NULL,'',14,'2025-07-19 14:33:40'),(4847,734,'2025-06',120000.00,'belum bayar',NULL,'',14,'2025-07-19 14:33:40'),(4848,735,'2025-06',120000.00,'belum bayar',NULL,'',14,'2025-07-19 14:33:40'),(4849,736,'2025-06',120000.00,'belum bayar',NULL,'',14,'2025-07-19 14:33:40'),(4850,737,'2025-06',120000.00,'belum bayar',NULL,'',14,'2025-07-19 14:33:40'),(4851,738,'2025-06',120000.00,'belum bayar',NULL,'',14,'2025-07-19 14:33:40'),(4852,739,'2025-06',120000.00,'belum bayar',NULL,'',14,'2025-07-19 14:33:40'),(4853,741,'2025-06',120000.00,'belum bayar',NULL,'',14,'2025-07-19 14:33:40'),(4854,742,'2025-06',120000.00,'belum bayar',NULL,'',14,'2025-07-19 14:33:40'),(4855,743,'2025-06',120000.00,'belum bayar',NULL,'',14,'2025-07-19 14:33:40'),(4856,744,'2025-06',120000.00,'belum bayar',NULL,'',14,'2025-07-19 14:33:40'),(4857,745,'2025-06',120000.00,'belum bayar',NULL,'',14,'2025-07-19 14:33:40'),(4858,746,'2025-06',120000.00,'belum bayar',NULL,'',14,'2025-07-19 14:33:40'),(4859,747,'2025-06',120000.00,'belum bayar',NULL,'',14,'2025-07-19 14:33:40'),(4860,748,'2025-06',120000.00,'belum bayar',NULL,'',14,'2025-07-19 14:33:40'),(4861,749,'2025-06',120000.00,'belum bayar',NULL,'',14,'2025-07-19 14:33:40'),(4862,1153,'2025-06',120000.00,'dibayar','2025-06-03','transfer',14,'2025-07-19 14:33:40'),(4863,1154,'2025-06',120000.00,'belum bayar',NULL,'',14,'2025-07-19 14:33:40'),(4864,1155,'2025-06',120000.00,'belum bayar',NULL,'',14,'2025-07-19 14:33:40'),(4865,1156,'2025-06',120000.00,'belum bayar',NULL,'',14,'2025-07-19 14:33:40'),(4866,1157,'2025-06',120000.00,'belum bayar',NULL,'',14,'2025-07-19 14:33:40'),(4867,1158,'2025-06',120000.00,'belum bayar',NULL,'',14,'2025-07-19 14:33:40'),(4868,1159,'2025-06',120000.00,'dibayar','2025-06-05','tunai',14,'2025-07-19 14:33:40'),(4869,1160,'2025-06',120000.00,'belum bayar',NULL,'',14,'2025-07-19 14:33:40'),(4870,1164,'2025-06',120000.00,'belum bayar',NULL,'',14,'2025-07-19 14:33:40'),(4871,1165,'2025-06',120000.00,'belum bayar',NULL,'',14,'2025-07-19 14:33:40'),(4872,1166,'2025-06',120000.00,'belum bayar',NULL,'',14,'2025-07-19 14:33:40'),(4873,1167,'2025-06',120000.00,'belum bayar',NULL,'',14,'2025-07-19 14:33:40'),(4874,1168,'2025-06',120000.00,'belum bayar',NULL,'',14,'2025-07-19 14:33:40'),(4875,1169,'2025-06',120000.00,'dibayar','2025-06-04','tunai',14,'2025-07-19 14:33:40'),(4876,1171,'2025-06',120000.00,'belum bayar',NULL,'',14,'2025-07-19 14:33:40'),(4877,1172,'2025-06',120000.00,'dibayar','2025-06-05','tunai',14,'2025-07-19 14:33:40'),(4878,1173,'2025-06',120000.00,'belum bayar',NULL,'',14,'2025-07-19 14:33:40'),(4879,1174,'2025-06',120000.00,'belum bayar',NULL,'',14,'2025-07-19 14:33:40'),(4880,1175,'2025-06',120000.00,'dibayar','2025-06-05','tunai',14,'2025-07-19 14:33:40'),(4881,1177,'2025-06',120000.00,'dibayar','2025-06-05','transfer',14,'2025-07-19 14:33:40'),(4882,1178,'2025-06',120000.00,'belum bayar',NULL,'',14,'2025-07-19 14:33:40'),(4883,1179,'2025-06',120000.00,'belum bayar',NULL,'',14,'2025-07-19 14:33:40'),(4884,1180,'2025-06',120000.00,'belum bayar',NULL,'',14,'2025-07-19 14:33:40'),(4885,1182,'2025-06',120000.00,'dibayar','2025-06-05','tunai',14,'2025-07-19 14:33:40'),(4886,1183,'2025-06',120000.00,'belum bayar',NULL,'',14,'2025-07-19 14:33:40'),(4887,1184,'2025-06',120000.00,'belum bayar',NULL,'',14,'2025-07-19 14:33:40'),(4888,1185,'2025-06',120000.00,'belum bayar',NULL,'',14,'2025-07-19 14:33:40'),(4889,1186,'2025-06',120000.00,'belum bayar',NULL,'',14,'2025-07-19 14:33:40'),(4890,1187,'2025-06',120000.00,'belum bayar',NULL,'',14,'2025-07-19 14:33:40'),(4891,1188,'2025-06',120000.00,'belum bayar',NULL,'',14,'2025-07-19 14:33:40'),(4892,1189,'2025-06',120000.00,'dibayar','2025-06-05','tunai',14,'2025-07-19 14:33:40'),(4893,1190,'2025-06',120000.00,'belum bayar',NULL,'',14,'2025-07-19 14:33:40'),(4894,1191,'2025-06',120000.00,'belum bayar',NULL,'',14,'2025-07-19 14:33:40'),(4895,1193,'2025-06',120000.00,'belum bayar',NULL,'',14,'2025-07-19 14:33:40'),(4896,1349,'2025-06',120000.00,'belum bayar',NULL,'',14,'2025-07-19 14:33:40'),(4897,1350,'2025-06',120000.00,'dibayar','2025-06-05','transfer',14,'2025-07-19 14:33:40'),(4898,1351,'2025-06',120000.00,'belum bayar',NULL,'',14,'2025-07-19 14:33:40'),(4899,1352,'2025-06',120000.00,'dibayar','2025-06-05','tunai',14,'2025-07-19 14:33:40'),(4900,1353,'2025-06',120000.00,'belum bayar',NULL,'',14,'2025-07-19 14:33:40'),(4901,1372,'2025-06',120000.00,'belum bayar',NULL,'',14,'2025-07-19 14:33:40'),(4902,1374,'2025-06',120000.00,'belum bayar',NULL,'',14,'2025-07-19 14:33:40'),(4903,1375,'2025-06',120000.00,'belum bayar',NULL,'',14,'2025-07-19 14:33:40'),(4904,1376,'2025-06',120000.00,'belum bayar',NULL,'',14,'2025-07-19 14:33:40'),(4905,1377,'2025-06',120000.00,'belum bayar',NULL,'',14,'2025-07-19 14:33:40'),(4906,1378,'2025-06',120000.00,'belum bayar',NULL,'',14,'2025-07-19 14:33:40'),(4907,1379,'2025-06',120000.00,'belum bayar',NULL,'',14,'2025-07-19 14:33:40'),(4908,1380,'2025-06',120000.00,'belum bayar',NULL,'',14,'2025-07-19 14:33:40'),(4909,1381,'2025-06',120000.00,'belum bayar',NULL,'',14,'2025-07-19 14:33:40'),(4910,1388,'2025-06',120000.00,'belum bayar',NULL,'',14,'2025-07-19 14:33:40'),(4911,1391,'2025-06',120000.00,'belum bayar',NULL,'',14,'2025-07-19 14:33:40'),(4912,1394,'2025-06',120000.00,'belum bayar',NULL,'',14,'2025-07-19 14:33:40'),(4913,1395,'2025-06',120000.00,'belum bayar',NULL,'',14,'2025-07-19 14:33:40'),(4914,1396,'2025-06',120000.00,'belum bayar',NULL,'',14,'2025-07-19 14:33:40'),(4915,1397,'2025-06',120000.00,'dibayar','2025-06-05','tunai',14,'2025-07-19 14:33:40'),(4916,1398,'2025-06',120000.00,'belum bayar',NULL,'',14,'2025-07-19 14:33:40'),(4917,1399,'2025-06',120000.00,'belum bayar',NULL,'',14,'2025-07-19 14:33:40'),(4918,1400,'2025-06',120000.00,'belum bayar',NULL,'',14,'2025-07-19 14:33:40'),(4919,1401,'2025-06',120000.00,'dibayar','2025-06-05','tunai',14,'2025-07-19 14:33:40'),(4920,1402,'2025-06',120000.00,'dibayar','2025-06-05','tunai',14,'2025-07-19 14:33:40'),(4921,1403,'2025-06',120000.00,'belum bayar',NULL,'',14,'2025-07-19 14:33:40'),(4922,1405,'2025-06',120000.00,'belum bayar',NULL,'',14,'2025-07-19 14:33:40'),(4923,1406,'2025-06',120000.00,'belum bayar',NULL,'',14,'2025-07-19 14:33:40'),(4924,1408,'2025-06',120000.00,'belum bayar',NULL,'',14,'2025-07-19 14:33:40'),(4925,1409,'2025-06',120000.00,'dibayar','2025-06-05','tunai',14,'2025-07-19 14:33:40'),(4926,1411,'2025-06',120000.00,'belum bayar',NULL,'',14,'2025-07-19 14:33:40'),(4927,1412,'2025-06',120000.00,'belum bayar',NULL,'',14,'2025-07-19 14:33:40'),(4928,1415,'2025-06',120000.00,'belum bayar',NULL,'',14,'2025-07-19 14:33:40'),(4929,1417,'2025-06',120000.00,'belum bayar',NULL,'',14,'2025-07-19 14:33:40'),(4930,1419,'2025-06',120000.00,'belum bayar',NULL,'',14,'2025-07-19 14:33:40'),(4931,1424,'2025-06',120000.00,'belum bayar',NULL,'',14,'2025-07-19 14:33:40'),(4932,1431,'2025-06',120000.00,'belum bayar',NULL,'',14,'2025-07-19 14:33:40'),(4933,1432,'2025-06',120000.00,'belum bayar',NULL,'',14,'2025-07-19 14:33:40'),(4934,1434,'2025-06',120000.00,'belum bayar',NULL,'',14,'2025-07-19 14:33:40'),(4935,1435,'2025-06',120000.00,'belum bayar',NULL,'',14,'2025-07-19 14:33:40'),(4936,1436,'2025-06',120000.00,'belum bayar',NULL,'',14,'2025-07-19 14:33:40'),(4937,1438,'2025-06',120000.00,'belum bayar',NULL,'',14,'2025-07-19 14:33:40'),(4938,1439,'2025-06',120000.00,'belum bayar',NULL,'',14,'2025-07-19 14:33:40'),(4939,1440,'2025-06',120000.00,'belum bayar',NULL,'',14,'2025-07-19 14:33:40'),(4940,1442,'2025-06',120000.00,'belum bayar',NULL,'',14,'2025-07-19 14:33:40'),(4941,152,'2025-06',150000.00,'dibayar','2025-06-01','transfer',14,'2025-07-19 14:33:40'),(4942,161,'2025-06',150000.00,'belum bayar',NULL,'',14,'2025-07-19 14:33:40'),(4943,265,'2025-06',150000.00,'belum bayar',NULL,'',14,'2025-07-19 14:33:40'),(4944,293,'2025-06',150000.00,'belum bayar',NULL,'',14,'2025-07-19 14:33:40'),(4945,481,'2025-06',150000.00,'dibayar','2025-06-05','tunai',14,'2025-07-19 14:33:40'),(4946,527,'2025-06',150000.00,'belum bayar',NULL,'',14,'2025-07-19 14:33:40'),(4947,559,'2025-06',150000.00,'belum bayar',NULL,'',14,'2025-07-19 14:33:40'),(4948,619,'2025-06',150000.00,'belum bayar',NULL,'',14,'2025-07-19 14:33:40'),(4949,627,'2025-06',150000.00,'belum bayar',NULL,'',14,'2025-07-19 14:33:40'),(4950,631,'2025-06',150000.00,'belum bayar',NULL,'',14,'2025-07-19 14:33:40'),(4951,636,'2025-06',150000.00,'belum bayar',NULL,'',14,'2025-07-19 14:33:40'),(4952,694,'2025-06',150000.00,'belum bayar',NULL,'',14,'2025-07-19 14:33:40'),(4953,740,'2025-06',150000.00,'belum bayar',NULL,'',14,'2025-07-19 14:33:40'),(4954,1170,'2025-06',150000.00,'belum bayar',NULL,'',14,'2025-07-19 14:33:40'),(4955,1414,'2025-06',150000.00,'belum bayar',NULL,'',14,'2025-07-19 14:33:40'),(4956,137,'2025-06',165000.00,'belum bayar',NULL,'',14,'2025-07-19 14:33:40'),(4957,245,'2025-06',165000.00,'belum bayar',NULL,'',14,'2025-07-19 14:33:40'),(4958,306,'2025-06',165000.00,'belum bayar',NULL,'',14,'2025-07-19 14:33:40'),(4959,370,'2025-06',165000.00,'dibayar','2025-06-01','transfer',14,'2025-07-19 14:33:40'),(4960,548,'2025-06',165000.00,'belum bayar',NULL,'',14,'2025-07-19 14:33:40'),(4961,591,'2025-06',165000.00,'belum bayar',NULL,'',14,'2025-07-19 14:33:40'),(4962,663,'2025-06',165000.00,'belum bayar',NULL,'',14,'2025-07-19 14:33:40'),(4963,175,'2025-06',170000.00,'belum bayar',NULL,'',14,'2025-07-19 14:33:40'),(4964,212,'2025-06',170000.00,'belum bayar',NULL,'',14,'2025-07-19 14:33:40'),(4965,239,'2025-06',170000.00,'dibayar','2025-06-01','transfer',14,'2025-07-19 14:33:40'),(4966,407,'2025-06',170000.00,'belum bayar',NULL,'',14,'2025-07-19 14:33:40'),(4967,420,'2025-06',170000.00,'dibayar','2025-06-05','tunai',14,'2025-07-19 14:33:40'),(4968,613,'2025-06',170000.00,'belum bayar',NULL,'',14,'2025-07-19 14:33:40'),(4969,661,'2025-06',170000.00,'belum bayar',NULL,'',14,'2025-07-19 14:33:40'),(4970,662,'2025-06',170000.00,'belum bayar',NULL,'',14,'2025-07-19 14:33:40'),(4971,1176,'2025-06',170000.00,'belum bayar',NULL,'',14,'2025-07-19 14:33:40'),(4972,122,'2025-06',240000.00,'belum bayar',NULL,'',14,'2025-07-19 14:33:40'),(4973,271,'2025-06',240000.00,'belum bayar',NULL,'',14,'2025-07-19 14:33:40'),(4974,315,'2025-06',240000.00,'belum bayar',NULL,'',14,'2025-07-19 14:33:40'),(4975,529,'2025-06',240000.00,'belum bayar',NULL,'',14,'2025-07-19 14:33:40'),(4976,617,'2025-06',240000.00,'belum bayar',NULL,'',14,'2025-07-19 14:33:40'),(4977,643,'2025-06',240000.00,'belum bayar',NULL,'',14,'2025-07-19 14:33:40'),(4978,646,'2025-06',240000.00,'belum bayar',NULL,'',14,'2025-07-19 14:33:40'),(4979,728,'2025-06',240000.00,'belum bayar',NULL,'',14,'2025-07-19 14:33:40'),(4980,1222,'2025-06',240000.00,'belum bayar',NULL,'',14,'2025-07-19 14:33:40'),(4981,696,'2025-06',110000.00,'belum bayar',NULL,'',14,'2025-07-19 14:33:40'),(4982,700,'2025-06',110000.00,'belum bayar',NULL,'',14,'2025-07-19 14:33:40'),(4983,1150,'2025-06',110000.00,'belum bayar',NULL,'',14,'2025-07-19 14:33:40'),(4984,1202,'2025-06',110000.00,'belum bayar',NULL,'',14,'2025-07-19 14:33:40'),(4985,1203,'2025-06',110000.00,'belum bayar',NULL,'',14,'2025-07-19 14:33:40'),(4986,1204,'2025-06',110000.00,'belum bayar',NULL,'',14,'2025-07-19 14:33:40'),(4987,1206,'2025-06',110000.00,'belum bayar',NULL,'',14,'2025-07-19 14:33:40'),(4988,1207,'2025-06',110000.00,'belum bayar',NULL,'',14,'2025-07-19 14:33:40'),(4989,1208,'2025-06',110000.00,'belum bayar',NULL,'',14,'2025-07-19 14:33:40'),(4990,1209,'2025-06',110000.00,'belum bayar',NULL,'',14,'2025-07-19 14:33:40'),(4991,1211,'2025-06',110000.00,'belum bayar',NULL,'',14,'2025-07-19 14:33:40'),(4992,1212,'2025-06',110000.00,'belum bayar',NULL,'',14,'2025-07-19 14:33:40'),(4993,1213,'2025-06',110000.00,'belum bayar',NULL,'',14,'2025-07-19 14:33:40'),(4994,1214,'2025-06',110000.00,'belum bayar',NULL,'',14,'2025-07-19 14:33:40'),(4995,1215,'2025-06',110000.00,'belum bayar',NULL,'',14,'2025-07-19 14:33:40'),(4996,1216,'2025-06',110000.00,'belum bayar',NULL,'',14,'2025-07-19 14:33:40'),(4997,1217,'2025-06',110000.00,'belum bayar',NULL,'',14,'2025-07-19 14:33:40'),(4998,1218,'2025-06',110000.00,'belum bayar',NULL,'',14,'2025-07-19 14:33:40'),(4999,1219,'2025-06',110000.00,'belum bayar',NULL,'',14,'2025-07-19 14:33:40'),(5000,1220,'2025-06',110000.00,'belum bayar',NULL,'',14,'2025-07-19 14:33:40'),(5001,1221,'2025-06',110000.00,'belum bayar',NULL,'',14,'2025-07-19 14:33:40'),(5002,1225,'2025-06',110000.00,'belum bayar',NULL,'',14,'2025-07-19 14:33:40'),(5003,1226,'2025-06',110000.00,'belum bayar',NULL,'',14,'2025-07-19 14:33:40'),(5004,1227,'2025-06',110000.00,'belum bayar',NULL,'',14,'2025-07-19 14:33:40'),(5005,1228,'2025-06',110000.00,'belum bayar',NULL,'',14,'2025-07-19 14:33:40'),(5006,1229,'2025-06',110000.00,'belum bayar',NULL,'',14,'2025-07-19 14:33:40'),(5007,1230,'2025-06',110000.00,'belum bayar',NULL,'',14,'2025-07-19 14:33:40'),(5008,1231,'2025-06',110000.00,'belum bayar',NULL,'',14,'2025-07-19 14:33:40'),(5009,1232,'2025-06',110000.00,'belum bayar',NULL,'',14,'2025-07-19 14:33:40'),(5010,1233,'2025-06',110000.00,'belum bayar',NULL,'',14,'2025-07-19 14:33:40'),(5011,1235,'2025-06',110000.00,'belum bayar',NULL,'',14,'2025-07-19 14:33:40'),(5012,1236,'2025-06',110000.00,'belum bayar',NULL,'',14,'2025-07-19 14:33:40'),(5013,1237,'2025-06',110000.00,'belum bayar',NULL,'',14,'2025-07-19 14:33:40'),(5014,1238,'2025-06',110000.00,'belum bayar',NULL,'',14,'2025-07-19 14:33:40'),(5015,1240,'2025-06',110000.00,'belum bayar',NULL,'',14,'2025-07-19 14:33:40'),(5016,1241,'2025-06',110000.00,'belum bayar',NULL,'',14,'2025-07-19 14:33:40'),(5017,1242,'2025-06',110000.00,'belum bayar',NULL,'',14,'2025-07-19 14:33:40'),(5018,1243,'2025-06',110000.00,'belum bayar',NULL,'',14,'2025-07-19 14:33:40'),(5019,1244,'2025-06',110000.00,'belum bayar',NULL,'',14,'2025-07-19 14:33:40'),(5020,1245,'2025-06',110000.00,'belum bayar',NULL,'',14,'2025-07-19 14:33:40'),(5021,1246,'2025-06',110000.00,'belum bayar',NULL,'',14,'2025-07-19 14:33:40'),(5022,1247,'2025-06',110000.00,'belum bayar',NULL,'',14,'2025-07-19 14:33:40'),(5023,1248,'2025-06',110000.00,'belum bayar',NULL,'',14,'2025-07-19 14:33:40'),(5024,1249,'2025-06',110000.00,'belum bayar',NULL,'',14,'2025-07-19 14:33:40'),(5025,1250,'2025-06',110000.00,'belum bayar',NULL,'',14,'2025-07-19 14:33:40'),(5026,1251,'2025-06',110000.00,'belum bayar',NULL,'',14,'2025-07-19 14:33:40'),(5027,1252,'2025-06',110000.00,'belum bayar',NULL,'',14,'2025-07-19 14:33:40'),(5028,1253,'2025-06',110000.00,'belum bayar',NULL,'',14,'2025-07-19 14:33:40'),(5029,1254,'2025-06',110000.00,'belum bayar',NULL,'',14,'2025-07-19 14:33:40'),(5030,1255,'2025-06',110000.00,'belum bayar',NULL,'',14,'2025-07-19 14:33:40'),(5031,1256,'2025-06',110000.00,'belum bayar',NULL,'',14,'2025-07-19 14:33:40'),(5032,1257,'2025-06',110000.00,'belum bayar',NULL,'',14,'2025-07-19 14:33:40'),(5033,1258,'2025-06',110000.00,'belum bayar',NULL,'',14,'2025-07-19 14:33:40'),(5034,1259,'2025-06',110000.00,'belum bayar',NULL,'',14,'2025-07-19 14:33:40'),(5035,1260,'2025-06',110000.00,'belum bayar',NULL,'',14,'2025-07-19 14:33:40'),(5036,1261,'2025-06',110000.00,'belum bayar',NULL,'',14,'2025-07-19 14:33:40'),(5037,1262,'2025-06',110000.00,'belum bayar',NULL,'',14,'2025-07-19 14:33:40'),(5038,1263,'2025-06',110000.00,'belum bayar',NULL,'',14,'2025-07-19 14:33:40'),(5039,1264,'2025-06',110000.00,'belum bayar',NULL,'',14,'2025-07-19 14:33:40'),(5040,1265,'2025-06',110000.00,'belum bayar',NULL,'',14,'2025-07-19 14:33:40'),(5041,1266,'2025-06',110000.00,'belum bayar',NULL,'',14,'2025-07-19 14:33:40'),(5042,1267,'2025-06',110000.00,'belum bayar',NULL,'',14,'2025-07-19 14:33:40'),(5043,1271,'2025-06',110000.00,'belum bayar',NULL,'',14,'2025-07-19 14:33:40'),(5044,1272,'2025-06',110000.00,'belum bayar',NULL,'',14,'2025-07-19 14:33:40'),(5045,1273,'2025-06',110000.00,'belum bayar',NULL,'',14,'2025-07-19 14:33:40'),(5046,1274,'2025-06',110000.00,'belum bayar',NULL,'',14,'2025-07-19 14:33:40'),(5047,1275,'2025-06',110000.00,'belum bayar',NULL,'',14,'2025-07-19 14:33:40'),(5048,1276,'2025-06',110000.00,'belum bayar',NULL,'',14,'2025-07-19 14:33:40'),(5049,1277,'2025-06',110000.00,'belum bayar',NULL,'',14,'2025-07-19 14:33:40'),(5050,1278,'2025-06',110000.00,'belum bayar',NULL,'',14,'2025-07-19 14:33:40'),(5051,1279,'2025-06',110000.00,'belum bayar',NULL,'',14,'2025-07-19 14:33:40'),(5052,1280,'2025-06',110000.00,'belum bayar',NULL,'',14,'2025-07-19 14:33:40'),(5053,1281,'2025-06',110000.00,'belum bayar',NULL,'',14,'2025-07-19 14:33:40'),(5054,1282,'2025-06',110000.00,'belum bayar',NULL,'',14,'2025-07-19 14:33:40'),(5055,1284,'2025-06',110000.00,'belum bayar',NULL,'',14,'2025-07-19 14:33:40'),(5056,1286,'2025-06',110000.00,'belum bayar',NULL,'',14,'2025-07-19 14:33:40'),(5057,1287,'2025-06',110000.00,'belum bayar',NULL,'',14,'2025-07-19 14:33:40'),(5058,1288,'2025-06',110000.00,'belum bayar',NULL,'',14,'2025-07-19 14:33:40'),(5059,1289,'2025-06',110000.00,'belum bayar',NULL,'',14,'2025-07-19 14:33:40'),(5060,1290,'2025-06',110000.00,'belum bayar',NULL,'',14,'2025-07-19 14:33:40'),(5061,1291,'2025-06',110000.00,'belum bayar',NULL,'',14,'2025-07-19 14:33:40'),(5062,1292,'2025-06',110000.00,'belum bayar',NULL,'',14,'2025-07-19 14:33:40'),(5063,1293,'2025-06',110000.00,'belum bayar',NULL,'',14,'2025-07-19 14:33:40'),(5064,1294,'2025-06',110000.00,'belum bayar',NULL,'',14,'2025-07-19 14:33:40'),(5065,1295,'2025-06',110000.00,'belum bayar',NULL,'',14,'2025-07-19 14:33:40'),(5066,1296,'2025-06',110000.00,'belum bayar',NULL,'',14,'2025-07-19 14:33:40'),(5067,1304,'2025-06',110000.00,'belum bayar',NULL,'',14,'2025-07-19 14:33:40'),(5068,1305,'2025-06',110000.00,'belum bayar',NULL,'',14,'2025-07-19 14:33:40'),(5069,1307,'2025-06',110000.00,'belum bayar',NULL,'',14,'2025-07-19 14:33:40'),(5070,1308,'2025-06',110000.00,'belum bayar',NULL,'',14,'2025-07-19 14:33:40'),(5071,1310,'2025-06',110000.00,'belum bayar',NULL,'',14,'2025-07-19 14:33:40'),(5072,1311,'2025-06',110000.00,'belum bayar',NULL,'',14,'2025-07-19 14:33:40'),(5073,1312,'2025-06',110000.00,'belum bayar',NULL,'',14,'2025-07-19 14:33:40'),(5074,1313,'2025-06',110000.00,'belum bayar',NULL,'',14,'2025-07-19 14:33:40'),(5075,1314,'2025-06',110000.00,'belum bayar',NULL,'',14,'2025-07-19 14:33:40'),(5076,1315,'2025-06',110000.00,'belum bayar',NULL,'',14,'2025-07-19 14:33:40'),(5077,1316,'2025-06',110000.00,'belum bayar',NULL,'',14,'2025-07-19 14:33:40'),(5078,1317,'2025-06',110000.00,'belum bayar',NULL,'',14,'2025-07-19 14:33:40'),(5079,1318,'2025-06',110000.00,'belum bayar',NULL,'',14,'2025-07-19 14:33:40'),(5080,1319,'2025-06',110000.00,'belum bayar',NULL,'',14,'2025-07-19 14:33:40'),(5081,1320,'2025-06',110000.00,'belum bayar',NULL,'',14,'2025-07-19 14:33:40'),(5082,1321,'2025-06',110000.00,'belum bayar',NULL,'',14,'2025-07-19 14:33:40'),(5083,1322,'2025-06',110000.00,'belum bayar',NULL,'',14,'2025-07-19 14:33:40'),(5084,1324,'2025-06',110000.00,'belum bayar',NULL,'',14,'2025-07-19 14:33:40'),(5085,1325,'2025-06',110000.00,'belum bayar',NULL,'',14,'2025-07-19 14:33:40'),(5086,1326,'2025-06',110000.00,'belum bayar',NULL,'',14,'2025-07-19 14:33:40'),(5087,1327,'2025-06',110000.00,'belum bayar',NULL,'',14,'2025-07-19 14:33:40'),(5088,1328,'2025-06',110000.00,'belum bayar',NULL,'',14,'2025-07-19 14:33:40'),(5089,1329,'2025-06',110000.00,'belum bayar',NULL,'',14,'2025-07-19 14:33:40'),(5090,1330,'2025-06',110000.00,'belum bayar',NULL,'',14,'2025-07-19 14:33:40'),(5091,1331,'2025-06',110000.00,'belum bayar',NULL,'',14,'2025-07-19 14:33:40'),(5092,1332,'2025-06',110000.00,'belum bayar',NULL,'',14,'2025-07-19 14:33:40'),(5093,1333,'2025-06',110000.00,'belum bayar',NULL,'',14,'2025-07-19 14:33:40'),(5094,1334,'2025-06',110000.00,'belum bayar',NULL,'',14,'2025-07-19 14:33:40'),(5095,1335,'2025-06',110000.00,'belum bayar',NULL,'',14,'2025-07-19 14:33:40'),(5096,1336,'2025-06',110000.00,'belum bayar',NULL,'',14,'2025-07-19 14:33:40'),(5097,1337,'2025-06',110000.00,'belum bayar',NULL,'',14,'2025-07-19 14:33:40'),(5098,1338,'2025-06',110000.00,'belum bayar',NULL,'',14,'2025-07-19 14:33:40'),(5099,1339,'2025-06',110000.00,'belum bayar',NULL,'',14,'2025-07-19 14:33:40'),(5100,1340,'2025-06',110000.00,'belum bayar',NULL,'',14,'2025-07-19 14:33:40'),(5101,1341,'2025-06',110000.00,'belum bayar',NULL,'',14,'2025-07-19 14:33:40'),(5102,1342,'2025-06',110000.00,'belum bayar',NULL,'',14,'2025-07-19 14:33:40'),(5103,1343,'2025-06',110000.00,'belum bayar',NULL,'',14,'2025-07-19 14:33:40'),(5104,1344,'2025-06',110000.00,'belum bayar',NULL,'',14,'2025-07-19 14:33:40'),(5105,1345,'2025-06',110000.00,'belum bayar',NULL,'',14,'2025-07-19 14:33:40'),(5106,1346,'2025-06',110000.00,'belum bayar',NULL,'',14,'2025-07-19 14:33:40'),(5107,1347,'2025-06',110000.00,'belum bayar',NULL,'',14,'2025-07-19 14:33:40'),(5108,1348,'2025-06',110000.00,'belum bayar',NULL,'',14,'2025-07-19 14:33:40'),(5109,1354,'2025-06',110000.00,'belum bayar',NULL,'',14,'2025-07-19 14:33:40'),(5110,1355,'2025-06',110000.00,'belum bayar',NULL,'',14,'2025-07-19 14:33:40'),(5111,1356,'2025-06',110000.00,'belum bayar',NULL,'',14,'2025-07-19 14:33:40'),(5112,1358,'2025-06',110000.00,'belum bayar',NULL,'',14,'2025-07-19 14:33:40'),(5113,1359,'2025-06',110000.00,'belum bayar',NULL,'',14,'2025-07-19 14:33:40'),(5114,1360,'2025-06',110000.00,'belum bayar',NULL,'',14,'2025-07-19 14:33:40'),(5115,1361,'2025-06',110000.00,'belum bayar',NULL,'',14,'2025-07-19 14:33:40'),(5116,1362,'2025-06',110000.00,'belum bayar',NULL,'',14,'2025-07-19 14:33:40'),(5117,1363,'2025-06',110000.00,'belum bayar',NULL,'',14,'2025-07-19 14:33:40'),(5118,1364,'2025-06',110000.00,'belum bayar',NULL,'',14,'2025-07-19 14:33:40'),(5119,1365,'2025-06',110000.00,'belum bayar',NULL,'',14,'2025-07-19 14:33:40'),(5120,1366,'2025-06',110000.00,'belum bayar',NULL,'',14,'2025-07-19 14:33:40'),(5121,1367,'2025-06',110000.00,'belum bayar',NULL,'',14,'2025-07-19 14:33:40'),(5122,1368,'2025-06',110000.00,'belum bayar',NULL,'',14,'2025-07-19 14:33:40'),(5123,1369,'2025-06',110000.00,'belum bayar',NULL,'',14,'2025-07-19 14:33:40'),(5124,1370,'2025-06',110000.00,'belum bayar',NULL,'',14,'2025-07-19 14:33:40'),(5125,1407,'2025-06',110000.00,'belum bayar',NULL,'',14,'2025-07-19 14:33:40'),(5126,1422,'2025-06',110000.00,'belum bayar',NULL,'',14,'2025-07-19 14:33:40'),(5127,1427,'2025-06',110000.00,'belum bayar',NULL,'',14,'2025-07-19 14:33:40'),(5128,1429,'2025-06',110000.00,'belum bayar',NULL,'',14,'2025-07-19 14:33:40'),(5129,1430,'2025-06',110000.00,'belum bayar',NULL,'',14,'2025-07-19 14:33:40'),(5130,1433,'2025-06',110000.00,'belum bayar',NULL,'',14,'2025-07-19 14:33:40'),(5131,1437,'2025-06',110000.00,'belum bayar',NULL,'',14,'2025-07-19 14:33:40'),(5132,1441,'2025-06',110000.00,'belum bayar',NULL,'',14,'2025-07-19 14:33:40'),(5133,1135,'2025-06',100000.00,'belum bayar',NULL,'',14,'2025-07-19 14:33:40'),(5134,1162,'2025-06',100000.00,'belum bayar',NULL,'',14,'2025-07-19 14:33:40'),(5135,1192,'2025-06',100000.00,'belum bayar',NULL,'',14,'2025-07-19 14:33:40'),(5136,1201,'2025-06',100000.00,'belum bayar',NULL,'',14,'2025-07-19 14:33:40'),(5137,1205,'2025-06',100000.00,'belum bayar',NULL,'',14,'2025-07-19 14:33:40'),(5138,1210,'2025-06',100000.00,'belum bayar',NULL,'',14,'2025-07-19 14:33:40'),(5139,1270,'2025-06',100000.00,'belum bayar',NULL,'',14,'2025-07-19 14:33:40'),(5140,1299,'2025-06',100000.00,'belum bayar',NULL,'',14,'2025-07-19 14:33:40'),(5141,1300,'2025-06',100000.00,'belum bayar',NULL,'',14,'2025-07-19 14:33:40'),(5142,1301,'2025-06',100000.00,'belum bayar',NULL,'',14,'2025-07-19 14:33:40'),(5143,1302,'2025-06',100000.00,'belum bayar',NULL,'',14,'2025-07-19 14:33:40'),(5144,1303,'2025-06',100000.00,'belum bayar',NULL,'',14,'2025-07-19 14:33:40'),(5145,1383,'2025-06',100000.00,'belum bayar',NULL,'',14,'2025-07-19 14:33:40'),(5146,1392,'2025-06',100000.00,'belum bayar',NULL,'',14,'2025-07-19 14:33:40'),(5147,1416,'2025-06',100000.00,'belum bayar',NULL,'',14,'2025-07-19 14:33:40'),(5148,268,'2025-06',140000.00,'belum bayar',NULL,'',14,'2025-07-19 14:33:40'),(5149,1137,'2025-06',140000.00,'dibayar','2025-06-05','tunai',14,'2025-07-19 14:33:40'),(5150,1145,'2025-06',140000.00,'belum bayar',NULL,'',14,'2025-07-19 14:33:40'),(5151,1268,'2025-06',140000.00,'belum bayar',NULL,'',14,'2025-07-19 14:33:40'),(5152,1269,'2025-06',140000.00,'belum bayar',NULL,'',14,'2025-07-19 14:33:40'),(5153,1283,'2025-06',140000.00,'belum bayar',NULL,'',14,'2025-07-19 14:33:40'),(5154,1285,'2025-06',140000.00,'belum bayar',NULL,'',14,'2025-07-19 14:33:40'),(5155,1298,'2025-06',140000.00,'belum bayar',NULL,'',14,'2025-07-19 14:33:40'),(5156,1309,'2025-06',140000.00,'belum bayar',NULL,'',14,'2025-07-19 14:33:40'),(5157,1323,'2025-06',140000.00,'belum bayar',NULL,'',14,'2025-07-19 14:33:40'),(5158,1386,'2025-06',200000.00,'belum bayar',NULL,'',14,'2025-07-19 14:33:40'),(5159,1387,'2025-06',200000.00,'belum bayar',NULL,'',14,'2025-07-19 14:33:40'),(5160,1404,'2025-06',200000.00,'belum bayar',NULL,'',14,'2025-07-19 14:33:40'),(5161,1138,'2025-06',360000.00,'dibayar','2025-06-05','transfer',14,'2025-07-19 14:33:40'),(5162,1139,'2025-06',300000.00,'belum bayar',NULL,'',14,'2025-07-19 14:33:40'),(5163,1142,'2025-06',300000.00,'belum bayar',NULL,'',14,'2025-07-19 14:33:40'),(5164,1140,'2025-06',160000.00,'belum bayar',NULL,'',14,'2025-07-19 14:33:40'),(5165,1143,'2025-06',160000.00,'belum bayar',NULL,'',14,'2025-07-19 14:33:40'),(5166,1144,'2025-06',160000.00,'belum bayar',NULL,'',14,'2025-07-19 14:33:40'),(5167,1147,'2025-06',160000.00,'belum bayar',NULL,'',14,'2025-07-19 14:33:40'),(5168,1149,'2025-06',160000.00,'belum bayar',NULL,'',14,'2025-07-19 14:33:40'),(5169,1141,'2025-06',400000.00,'belum bayar',NULL,'',14,'2025-07-19 14:33:40'),(5170,1152,'2025-06',400000.00,'belum bayar',NULL,'',14,'2025-07-19 14:33:40'),(5171,1148,'2025-06',250000.00,'belum bayar',NULL,'',14,'2025-07-19 14:33:40'),(5172,1146,'2025-06',280000.00,'belum bayar',NULL,'',14,'2025-07-19 14:33:40'),(5173,1151,'2025-06',225000.00,'belum bayar',NULL,'',14,'2025-07-19 14:33:40'),(5174,1223,'2025-06',230000.00,'belum bayar',NULL,'',14,'2025-07-19 14:33:40'),(5175,1224,'2025-06',155000.00,'belum bayar',NULL,'',14,'2025-07-19 14:33:40'),(5176,1297,'2025-06',340000.00,'belum bayar',NULL,'',14,'2025-07-19 14:33:40'),(5177,1371,'2025-06',350000.00,'belum bayar',NULL,'',14,'2025-07-19 14:33:40'),(5178,1373,'2025-06',1250000.00,'belum bayar',NULL,'',14,'2025-07-19 14:33:40'),(5179,1389,'2025-06',770000.00,'belum bayar',NULL,'',14,'2025-07-19 14:33:40'),(5180,1393,'2025-06',890000.00,'belum bayar',NULL,'',14,'2025-07-19 14:33:40'),(5181,211,'2025-05',120000.00,'dibayar','2025-06-04','transfer',14,'2025-07-20 05:00:44');
/*!40000 ALTER TABLE `tagihan` ENABLE KEYS */;
UNLOCK TABLES;

--
-- Table structure for table `users`
--

DROP TABLE IF EXISTS `users`;
/*!40101 SET @saved_cs_client     = @@character_set_client */;
/*!50503 SET character_set_client = utf8mb4 */;
CREATE TABLE `users` (
  `id` int NOT NULL AUTO_INCREMENT,
  `name` varchar(100) COLLATE utf8mb4_general_ci NOT NULL,
  `email` varchar(100) COLLATE utf8mb4_general_ci NOT NULL,
  `password` varchar(255) COLLATE utf8mb4_general_ci NOT NULL,
  `role` enum('admin','petugas') COLLATE utf8mb4_general_ci NOT NULL,
  `created_at` timestamp NOT NULL DEFAULT CURRENT_TIMESTAMP,
  PRIMARY KEY (`id`),
  UNIQUE KEY `email` (`email`)
) ENGINE=InnoDB AUTO_INCREMENT=18 DEFAULT CHARSET=utf8mb4 COLLATE=utf8mb4_general_ci;
/*!40101 SET character_set_client = @saved_cs_client */;

--
-- Dumping data for table `users`
--

LOCK TABLES `users` WRITE;
/*!40000 ALTER TABLE `users` DISABLE KEYS */;
INSERT INTO `users` VALUES (6,'agil suhanda','agilsuhanda515@gmail.com','$2y$10$hA5e6pfFJaXQujxxZnm2lODaLgc66q6iRJTRuSsZklePC/.8iCY16','admin','2025-03-01 13:37:41'),(14,'bellva','bellva515@gmail.com','$2y$10$m4gEAXw.5GQq0/mqX0gOsO00mo8r3Pi5qROSulmu0mSJH5Pgb4XrS','petugas','2025-03-01 14:45:33'),(15,'devan','devan515@gmail.com','$2y$10$m4gEAXw.5GQq0/mqX0gOsO00mo8r3Pi5qROSulmu0mSJH5Pgb4XrS','petugas','2025-07-01 14:06:45'),(17,'agil515','agilsuhanda5151@gmail.com','$2y$10$NEqvCqsewvSgQwI0rlIrbOdDZIyyZbFeqxSAV5h6xt6ih4I1ykzCa','admin','2025-07-01 15:19:25');
/*!40000 ALTER TABLE `users` ENABLE KEYS */;
UNLOCK TABLES;

--
-- Dumping routines for database 'rentalwifi'
--
/*!40103 SET TIME_ZONE=@OLD_TIME_ZONE */;

/*!40101 SET SQL_MODE=@OLD_SQL_MODE */;
/*!40014 SET FOREIGN_KEY_CHECKS=@OLD_FOREIGN_KEY_CHECKS */;
/*!40014 SET UNIQUE_CHECKS=@OLD_UNIQUE_CHECKS */;
/*!40101 SET CHARACTER_SET_CLIENT=@OLD_CHARACTER_SET_CLIENT */;
/*!40101 SET CHARACTER_SET_RESULTS=@OLD_CHARACTER_SET_RESULTS */;
/*!40101 SET COLLATION_CONNECTION=@OLD_COLLATION_CONNECTION */;
/*!40111 SET SQL_NOTES=@OLD_SQL_NOTES */;

-- Dump completed on 2025-07-25  8:11:08
